Date,Open,High,Low,Close,Adj Close,Volume,Neg. log return
2015-03-23,55.470001,55.93,54.369999,54.400002,51.648609,19042000,
2015-03-24,54.040001,54.41,53.66,53.93,51.202389,11940800,0.003768405
2015-03-25,53.619999,53.779999,51.93,52.009998,49.37949,14237900,0.015743625
2015-03-26,50.84,51.689999,50.25,51.27,48.676926,14242700,0.006223456
2015-03-27,51.380001,52.849998,51.380001,52.66,49.996624,9004000,-0.011617536
2015-03-30,53.240002,53.84,53.049999,53.639999,50.927052,8167300,-0.008007857
2015-03-31,53.66,53.73,52.68,52.779999,50.110558,8386400,0.007019298
2015-04-01,51.099998,51.380001,50.110001,50.439999,47.888901,15191500,0.019694368
2015-04-02,50.48,50.849998,49.150002,49.18,46.692623,14109800,0.010986599
2015-04-06,48.349998,48.689999,47.669998,48.080002,45.648262,13323400,0.009824025
2015-04-07,48.299999,48.799999,47.490002,47.5,45.097588,9393200,0.005270932
2015-04-08,47.799999,49.09,47.73,48.740002,46.274883,11180000,-0.011192015
2015-04-09,48.860001,49.48,47.720001,47.84,45.420395,11576200,0.008094423
2015-04-10,48.16,48.790001,47.720001,47.73,45.315964,11713400,0.000999684
2015-04-13,47.470001,48.59,47.470001,47.790001,45.372921,9350300,-0.000545516
2015-04-14,47.490002,47.779999,46.880001,47.419998,45.021641,9878400,0.003375418
2015-04-15,48,48.720001,47.669998,47.75,45.334946,9846700,-0.003011782
2015-04-16,47.810001,48.91,47.75,48.240002,45.800171,7155900,-0.004433997
2015-04-17,47.959999,48.650002,47.950001,48.189999,45.752701,8659800,0.000450362
2015-04-20,48.610001,49.779999,47.91,49.759998,47.243286,9523500,-0.01392336
2015-04-21,50,51.419998,49.459999,51.360001,48.762379,10850300,-0.013744788
2015-04-22,51.400002,51.540001,50.400002,51.400002,48.80035,7333300,-0.000338051
2015-04-23,51.07,51.720001,50.700001,51.450001,48.847816,9821800,-0.000422214
2015-04-24,51.98,53.470001,51.490002,52.709999,50.044094,20248100,-0.01050768
2015-04-27,52.68,52.68,51.700001,51.869999,49.246571,9843400,0.006976835
2015-04-28,51.700001,51.82,50.009998,51.189999,48.600967,9235700,0.005731086
2015-04-29,50.580002,50.799999,47.66,48.880001,46.407803,18050300,0.020053901
2015-04-30,48.5,49.459999,48.009998,48.290001,45.941631,9400400,0.0043846
2015-05-01,48.650002,49.830002,48.509998,49.389999,46.988136,8084600,-0.009781808
2015-05-04,49.41,50.080002,48.799999,48.950001,46.569542,5589800,0.00388625
2015-05-05,48.209999,48.709999,46.900002,47.009998,44.723877,11385000,0.017562522
2015-05-06,46.779999,47.639999,46.150002,47.049999,44.761917,10116400,-0.000369233
2015-05-07,47.400002,49.619999,47.400002,49.060001,46.674179,11428000,-0.01816801
2015-05-08,49.23,49.830002,48.93,49.040001,46.655151,6478200,0.000177088
2015-05-11,49,50.299999,48.799999,49.650002,47.235489,8036700,-0.005368816
2015-05-12,49.110001,49.400002,48.630001,48.849998,46.474388,6820500,0.007054736
2015-05-13,49.27,49.849998,48.400002,48.490002,46.131912,8553100,0.003212225
2015-05-14,48.939999,49.09,48.5,48.82,46.445854,7980100,-0.002945498
2015-05-15,49.41,49.450001,48.560001,48.669998,46.303154,6650400,0.001336378
2015-05-18,48.560001,49.169998,48.380001,49,46.617104,6152300,-0.002934716
2015-05-19,49.450001,49.68,47.700001,47.849998,45.523014,14984900,0.010314282
2015-05-20,47.560001,47.560001,42.970001,43.060001,40.965961,51460300,0.045807861
2015-05-21,43.189999,43.389999,42.400002,42.470001,40.404663,23895800,0.005991658
2015-05-22,42.700001,42.93,42.02,42.610001,40.537846,16113100,-0.00142918
2015-05-26,43.049999,43.09,41.360001,41.560001,39.538921,17481100,0.010835855
2015-05-27,41.650002,42.450001,41.599998,42.240002,40.185848,13017800,-0.007048324
2015-05-28,42.25,42.5,41.77,41.970001,39.928982,9238800,0.002784899
2015-05-29,41.68,42.599998,41.32,42.369999,40.309525,13236100,-0.004119443
2015-06-01,42.610001,44.380001,42.09,44.18,42.031494,21917100,-0.018167147
2015-06-02,43.299999,44.110001,43.040001,43.779999,41.650951,14832900,0.003949905
2015-06-03,43.349998,43.91,43.009998,43.130001,41.032566,13272600,0.006496245
2015-06-04,43.049999,43.98,41.880001,42.169998,40.119244,14128000,0.009775936
2015-06-05,42.130001,42.580002,41.709999,41.720001,39.691135,9951100,0.004659223
2015-06-08,41.07,41.240002,39.27,39.860001,37.921589,25757800,0.019806991
2015-06-09,38.799999,40.720001,38.450001,40.330002,38.368721,27024800,-0.005090796
2015-06-10,40.209999,41.209999,39.700001,40.43,38.463875,15731900,-0.001075712
2015-06-11,40.790001,41.259998,39.939999,40.02,38.073807,10116700,0.004426731
2015-06-12,39.84,41,39.759998,40.709999,38.730247,10333800,-0.007423963
2015-06-15,40.349998,41,40.009998,40.07,38.121368,8830300,0.00688179
2015-06-16,40.130001,40.32,39.32,39.48,37.560059,9212100,0.006442211
2015-06-17,39.27,40.09,38.91,39.880001,37.940617,9567400,-0.004378123
2015-06-18,39.799999,40.220001,39.610001,39.98,38.035751,10647000,-0.001087606
2015-06-19,40.299999,41.889999,40.299999,41.560001,39.538921,20198300,-0.016832818
2015-06-22,42.919998,43.25,42.240002,43.029999,40.937416,15120200,-0.015095613
2015-06-23,42.98,43.419998,42.349998,42.73,40.652016,10702000,0.003038338
2015-06-24,42.700001,42.919998,42.07,42.240002,40.185848,6895900,0.005008951
2015-06-25,42.650002,43.419998,42.200001,42.240002,40.185848,8174200,0
2015-06-26,42.439999,42.580002,41.330002,41.439999,39.424747,9819900,0.008304222
2015-06-29,40.77,41.32,39.59,39.75,37.816929,17651700,0.018082657
2015-06-30,40.200001,40.599998,39.93,39.939999,37.997696,11184500,-0.002071006
2015-07-01,40.650002,40.900002,37.799999,38.799999,36.913139,24907100,0.012576286
2015-07-02,39.02,39.810001,38.400002,39.029999,37.131943,11080000,-0.002566697
2015-07-06,39.09,40,39.080002,39.73,37.797905,9157700,-0.007720054
2015-07-07,39.93,40.740002,39.259998,40.669998,38.692184,10375900,-0.010155515
2015-07-08,40.299999,40.310001,39.139999,39.310001,37.398331,11193000,0.014771023
2015-07-09,39.84,40.279999,39.66,39.669998,37.740822,8490900,-0.003959134
2015-07-10,40.509998,41.639999,40.5,41.209999,39.205925,16451700,-0.01654035
2015-07-13,41.959999,42.720001,41.959999,42.419998,40.357086,12077000,-0.012568096
2015-07-14,42.040001,42.459999,41.290001,42.060001,40.014599,12701500,0.003701331
2015-07-15,41.389999,42.220001,40.389999,41.540001,39.519897,17922800,0.005402665
2015-07-16,41.810001,42.220001,41.299999,41.389999,39.377174,12111300,0.001571259
2015-07-17,41.450001,41.84,41.240002,41.400002,39.386692,9736000,-0.000104962
2015-07-20,41.549999,41.709999,40.439999,40.549999,38.578026,7645900,0.009009505
2015-07-21,40.5,41.299999,40.490002,40.900002,38.911007,7300000,-0.003732469
2015-07-22,40.959999,41.610001,40.959999,41.43,39.41523,8302900,-0.005591595
2015-07-23,42.779999,43.810001,42,42.610001,40.537846,16579900,-0.012196603
2015-07-24,43,43.110001,39.619999,39.630001,37.702763,20152600,0.03148749
2015-07-27,39.630001,40.810001,38.900002,40.139999,38.187965,12071400,-0.005553338
2015-07-28,40.18,41.380001,40.18,41.169998,39.167877,8186000,-0.011003516
2015-07-29,41.09,41.330002,40.439999,40.73,38.749275,6801400,0.004666451
2015-07-30,40.580002,40.93,39.919998,40.27,38.311649,5855800,0.004932736
2015-07-31,40.529999,40.540001,39.880001,40.099998,38.149914,6955900,0.001837282
2015-08-03,40.240002,41.849998,40.209999,41.709999,39.681614,9261900,-0.017095765
2015-08-04,42.150002,42.77,41.880001,42.740002,40.661526,13354300,-0.010594345
2015-08-05,42.849998,43.299999,42.59,42.959999,40.870831,7581000,-0.002229795
2015-08-06,43.25,43.450001,41.759998,42.18,40.222382,7395500,0.006945682
2015-08-07,42.209999,42.48,41.400002,41.490002,39.564419,5588600,0.007162994
2015-08-10,41.75,42.43,41.450001,41.68,39.745605,6860600,-0.00198432
2015-08-11,41.740002,43.419998,41.650002,42.700001,40.718254,10378600,-0.010500035
2015-08-12,42.369999,42.68,40.68,42.52,40.546608,10391900,0.001834619
2015-08-13,42.759998,43.279999,42.27,42.669998,40.689648,6605800,-0.001529404
2015-08-14,42.349998,43.169998,42.349998,42.880001,40.889896,4857400,-0.002132073
2015-08-17,42.959999,44.02,42.82,43.950001,41.91024,8385400,-0.010704142
2015-08-18,44.060001,44.450001,43.240002,43.630001,41.605083,6317200,0.003173755
2015-08-19,43.529999,44.27,43.209999,43.529999,41.509735,8374000,0.000996432
2015-08-20,42.84,43.52,41.779999,41.98,40.031666,8905700,0.015746296
2015-08-21,41.400002,41.599998,39.75,39.75,37.905155,16241600,0.023705388
2015-08-24,36,39.900002,34.099998,37.619999,35.874023,19612700,0.023918195
2015-08-25,39.389999,39.490002,37.490002,37.5,35.759586,12820300,0.0013876
2015-08-26,38.77,39.009998,36.970001,38.849998,37.04694,15679800,-0.01535986
2015-08-27,39.169998,39.450001,37.970001,39.029999,37.218582,13793600,-0.002007481
2015-08-28,38.93,39.580002,38.349998,38.619999,36.82761,11825000,0.004586287
2015-08-31,38.630001,39.759998,38.619999,38.98,37.170898,12409600,-0.004029518
2015-09-01,38.630001,39.810001,38.5,39.200001,37.380684,16042600,-0.002444191
2015-09-02,39.970001,41.509998,39.799999,41.509998,39.583485,19316800,-0.024866784
2015-09-03,41.84,41.91,40.779999,40.889999,38.992264,9905600,0.006535575
2015-09-04,40.400002,41.32,40.150002,40.599998,38.71571,9738400,0.003091224
2015-09-08,41.279999,41.580002,40.689999,40.799999,38.906433,10814800,-0.002134188
2015-09-09,41.150002,42.18,40.630001,41,39.097153,12481200,-0.002123718
2015-09-10,41.389999,41.880001,40.709999,41.209999,39.297398,9181600,-0.002218662
2015-09-11,41.220001,42.150002,41.049999,42.150002,40.193779,8635200,-0.009795045
2015-09-14,42.169998,42.5,41.84,42.290001,40.327293,7362500,-0.00144023
2015-09-15,42.360001,42.849998,41.889999,42.639999,40.661041,7008300,-0.003579423
2015-09-16,42.400002,43.25,42.240002,43.060001,41.061543,7703100,-0.004256772
2015-09-17,43.110001,44.59,42.990002,43.990002,41.94838,12835700,-0.009279928
2015-09-18,43.43,44.029999,43.279999,43.490002,41.471588,12446900,0.004964528
2015-09-21,43.720001,44.009998,42.880001,43.23,41.223656,6687200,0.00260416
2015-09-22,42.77,43.080002,40.919998,41.189999,39.278339,12483700,0.020993391
2015-09-23,41.32,41.5,40.5,41.240002,39.326015,8248800,-0.000526826
2015-09-24,41.150002,41.150002,39.919998,40.25,38.381954,10507300,0.01055286
2015-09-25,40.93,41.029999,39.919998,40.240002,38.372433,7524900,0.000107744
2015-09-28,39.869999,40.18,38.639999,39.080002,37.26627,9635900,0.01270341
2015-09-29,39.049999,39.77,38.790001,39.18,37.361622,7478800,-0.001109796
2015-09-30,39.18,39.68,37.720001,38.830002,37.027863,15823700,0.003897074
2015-10-01,38.5,39.27,37.84,39.200001,37.380684,9175100,-0.004118596
2015-10-02,38.75,38.77,37.419998,38.630001,36.837154,12276300,0.006361174
2015-10-05,38.900002,40.299999,38.82,40.189999,38.324745,9421800,-0.017193204
2015-10-06,39.950001,40.369999,38.080002,38.130001,36.360352,12985800,0.022851195
2015-10-07,38.41,39.41,37.759998,39.310001,37.485596,10513700,-0.013236341
2015-10-08,39.209999,40.029999,38.700001,39.740002,37.895626,8308100,-0.004724665
2015-10-09,40.27,42.490002,40.25,42.419998,40.451252,16835500,-0.028342882
2015-10-12,42.59,43.880001,42.549999,43.84,41.805347,11443300,-0.014299865
2015-10-13,42.700001,43.970001,42.52,43.41,41.395298,13250300,0.004280819
2015-10-14,44,44.5,43.23,43.799999,41.767197,11125800,-0.003884317
2015-10-15,44.099998,44.48,43.5,44.459999,42.396568,8185400,-0.006495371
2015-10-16,43.950001,44.02,42.860001,43.709999,41.681381,11572900,0.007388602
2015-10-19,43.830002,44.490002,43.619999,44.450001,42.387028,8934600,-0.007290867
2015-10-20,44.540001,45.18,44.450001,44.790001,42.711254,7610800,-0.003309356
2015-10-21,44.490002,45.18,44.09,44.310001,42.253536,6935700,0.004679264
2015-10-22,44.889999,46.009998,44.360001,45.990002,43.85556,14444600,-0.016161602
2015-10-23,46.369999,46.419998,43.810001,45.669998,43.550407,20281400,0.003032443
2015-10-26,45.360001,46.57,44.990002,46.470001,44.31329,11026200,-0.007541777
2015-10-27,46.41,46.689999,45.650002,46.459999,44.303749,6824100,9.35E-05
2015-10-28,46.200001,46.360001,45.23,45.860001,43.731602,7629700,0.005645091
2015-10-29,45.630001,46.099998,45.209999,45.860001,43.731602,5234400,0
2015-10-30,45.77,46.77,45.709999,46.220001,44.074883,8589700,-0.003395781
2015-11-02,46.200001,46.82,46.200001,46.470001,44.31329,6189300,-0.002342827
2015-11-03,47.02,47.09,46.080002,46.5,44.437523,6983200,-0.001215848
2015-11-04,46.419998,46.450001,45.150002,45.630001,43.60611,8081400,0.008202497
2015-11-05,45.700001,45.830002,45.029999,45.599998,43.577438,5864700,0.000285652
2015-11-06,45.509998,45.970001,45.049999,45.34,43.328968,11669600,0.002483348
2015-11-09,45.169998,45.209999,44.560001,44.650002,42.669582,7214600,0.006659957
2015-11-10,44.66,45.16,44.02,44.490002,42.51667,5935300,0.001559146
2015-11-11,44.759998,44.950001,44.369999,44.389999,42.421104,4413000,0.000977276
2015-11-12,44.290001,44.52,43.82,43.900002,41.952847,5951100,0.004820529
2015-11-13,43.669998,44.23,43.119999,43.450001,41.522804,7486100,0.004474765
2015-11-16,42.41,42.84,41.849998,42.830002,40.930298,10201100,0.006241767
2015-11-17,43,43.459999,42.049999,42.299999,40.423805,9596500,0.005407716
2015-11-18,42.32,42.32,41.009998,41.75,39.898209,11071100,0.005683789
2015-11-19,41.939999,42.73,41.889999,42.299999,40.423805,6545500,-0.005683789
2015-11-20,42.400002,42.709999,42.049999,42.200001,40.328247,5656000,0.001027846
2015-11-23,42.110001,42.740002,41.810001,42.299999,40.423805,4166100,-0.001027846
2015-11-24,41.02,41.639999,40.450001,41.23,39.401257,7578000,0.011127113
2015-11-25,41.349998,41.5,40.959999,41.310001,39.477722,4276600,-0.000842007
2015-11-27,41.380001,42.25,41.169998,41.689999,39.840862,3066600,-0.003976642
2015-11-30,41.75,41.990002,40.98,41.259998,39.429932,6450900,0.004502698
2015-12-01,41.470001,43.299999,41.299999,43.259998,41.341221,8912900,-0.020557271
2015-12-02,44.09,44.529999,43.529999,43.82,41.876392,8010400,-0.005585957
2015-12-03,43.650002,44.599998,42.919998,43.27,41.350784,7235300,0.005485508
2015-12-04,43.82,44.990002,43.82,44.970001,42.975384,9460900,-0.016736018
2015-12-07,45.349998,46.490002,45.220001,45.779999,43.749447,8911700,-0.007752802
2015-12-08,45.099998,45.509998,44.07,44.549999,42.574001,9043700,0.011828102
2015-12-09,44.299999,45.189999,43.189999,43.650002,41.713936,8001000,0.008863296
2015-12-10,43.790001,44.48,43.540001,44.09,42.134411,7955600,-0.004355757
2015-12-11,43.279999,43.59,42.060001,42.09,40.223133,10235200,0.020161032
2015-12-14,42.259998,42.869999,41.080002,41.77,39.917313,10750500,0.003314596
2015-12-15,41.970001,42.82,41.919998,42.599998,40.710503,7097300,-0.008545169
2015-12-16,42.990002,43.490002,42.119999,43.200001,41.283894,7850900,-0.006074186
2015-12-17,43.330002,43.950001,42.450001,42.459999,40.576714,7225000,0.00750378
2015-12-18,41.610001,42.310001,40.700001,41.09,39.267483,17810000,0.01424381
2015-12-21,41.349998,42.43,41.349998,42.400002,40.519371,6597500,-0.013629631
2015-12-22,42.560001,43.080002,42.360001,42.900002,40.997192,5704700,-0.005091417
2015-12-23,42.779999,43.389999,42.43,43.290001,41.3699,6093600,-0.003930359
2015-12-24,43.27,44.189999,43.110001,43.810001,41.866833,3307000,-0.005185639
2015-12-28,43.619999,44.040001,42.91,43.23,41.312557,4148000,0.005788034
2015-12-29,43.25,43.619999,43.029999,43.5,41.57058,4006900,-0.002704008
2015-12-30,43.639999,43.639999,42.459999,42.799999,40.901627,5463600,0.0070455
2015-12-31,42.540001,42.57,41.830002,42.349998,40.471588,6813800,0.004590339
2016-01-04,41.290001,41.349998,40.299999,40.91,39.095455,12037200,0.015023973
2016-01-05,41.18,41.490002,39.950001,40.52,38.722763,10514200,0.004159934
2016-01-06,40.049999,41.700001,40,41.23,39.401257,12393800,-0.007543739
2016-01-07,40.970001,41.52,39.68,40.450001,38.655853,11312900,0.008294816
2016-01-08,40.939999,41.360001,40.259998,40.369999,38.579407,8853100,0.000859713
2016-01-11,40.560001,41.200001,39.900002,41.080002,39.257915,15877500,-0.007571682
2016-01-12,41.150002,42.360001,40.48,42,40.137115,12636000,-0.009618922
2016-01-13,42.169998,42.740002,39.66,40.099998,38.321396,12718600,0.020104831
2016-01-14,40.209999,40.779999,38.860001,40.549999,38.751427,11756500,-0.004846378
2016-01-15,39.040001,39.889999,38.369999,38.759998,37.040825,18924800,0.019607049
2016-01-19,39.59,39.779999,38.209999,38.860001,37.136383,10505900,-0.001118951
2016-01-20,38.529999,39.849998,36.200001,39.060001,37.327518,16089100,-0.002229511
2016-01-21,38.93,40,38.02,39.790001,38.025139,9781700,-0.008041697
2016-01-22,40,40.720001,39.57,40.16,38.378731,7247000,-0.0040198
2016-01-25,40.02,40.16,38.82,38.880001,37.155502,10113200,0.014067477
2016-01-26,38.73,39.75,38.439999,39.639999,37.881786,8099000,-0.008407313
2016-01-27,40.150002,40.869999,39.48,39.689999,37.929569,10186000,-0.000547461
2016-01-28,39.610001,39.790001,37.66,38.139999,36.448322,17112300,0.017300369
2016-01-29,37.52,39.09,36.599998,38.990002,37.260632,20957500,-0.009572678
2016-02-01,39,39.939999,38.630001,39.380001,37.63332,12023500,-0.004322316
2016-02-02,38.830002,38.970001,37,37.029999,35.387558,12401400,0.026721939
2016-02-03,37.380001,37.610001,35.759998,37.509998,35.846268,12390500,-0.005593353
2016-02-04,37.34,38.599998,36.700001,38.209999,36.515217,8599600,-0.008029938
2016-02-05,37.709999,38.490002,36.529999,36.75,35.119984,10072700,0.016919577
2016-02-08,36.080002,36.16,34.759998,35.549999,34.065891,12821900,0.013234557
2016-02-09,34.93,36.75,34.91,36.189999,34.679176,11143300,-0.007749017
2016-02-10,36.57,37.639999,36.529999,37.119999,35.570347,8114100,-0.011019332
2016-02-11,36.470001,37.220001,36.169998,36.490002,34.96664,8096000,0.0074342
2016-02-12,36.919998,37.98,36.419998,37.82,36.241119,9412800,-0.015547696
2016-02-16,38.130001,38.77,37.529999,38.610001,36.99815,7147500,-0.00897841
2016-02-17,38.950001,39.830002,38.869999,39.34,37.697681,8432500,-0.008134626
2016-02-18,39.360001,39.68,38.959999,39.540001,37.889324,9605800,-0.002202222
2016-02-19,39.16,40.07,39.040001,39.759998,38.100147,11052400,-0.002409794
2016-02-22,40.139999,40.93,40.07,40.84,39.135056,9997300,-0.011639308
2016-02-23,40.560001,40.810001,40.169998,40.380001,38.694263,6432200,0.00491938
2016-02-24,40.02,40.830002,39.389999,40.66,38.962559,6103700,-0.003000894
2016-02-25,40.759998,41.380001,40.41,41.360001,39.633343,6936400,-0.007413233
2016-02-26,41.5,41.599998,40.380001,40.869999,39.163799,7467200,0.005175893
2016-02-29,40.77,41.34,40.5,41,39.288372,5791300,-0.00137922
2016-03-01,41.439999,42.02,41.060001,41.830002,40.083725,7885800,-0.008704041
2016-03-02,41.470001,41.799999,41.290001,41.59,39.853752,7913700,0.00249886
2016-03-03,41.52,42.240002,41.23,41.880001,40.131638,8812800,-0.003017672
2016-03-04,42.169998,42.169998,41.419998,41.630001,39.892078,9474100,0.002600227
2016-03-07,41.310001,42.23,40.900002,42.130001,40.371197,6959700,-0.005184967
2016-03-08,41.299999,41.41,40.049999,40.77,39.067982,8418300,0.014250647
2016-03-09,40.740002,41.720001,40.52,41.650002,39.91124,8546300,-0.009274242
2016-03-10,42.110001,42.110001,40.91,41.630001,39.892078,5814200,0.000208562
2016-03-11,41.889999,42.5,41.700001,42.470001,40.697014,5701500,-0.008675886
2016-03-14,42.310001,42.700001,42.119999,42.59,40.811993,4568000,-0.001225258
2016-03-15,42.299999,42.490002,41.98,42.110001,40.352039,4445400,0.004922319
2016-03-16,41.810001,42.43,41.59,42.310001,40.543682,4792900,-0.002057702
2016-03-17,42.310001,42.310001,41.82,42.099998,40.342449,5960600,0.002160928
2016-03-18,42.310001,43.529999,41.75,43.439999,41.626507,13746000,-0.013607711
2016-03-21,43.32,43.779999,43.279999,43.470001,41.655258,4756400,-0.000299859
2016-03-22,42,43.02,41.84,42.759998,40.974892,6721600,0.007152011
2016-03-23,42.799999,42.860001,41.580002,41.919998,40.169971,9583400,0.008616299
2016-03-24,41.880001,41.950001,40.189999,40.5,38.809242,12515100,0.014966358
2016-03-28,41,41.34,40.330002,40.91,39.202126,6402800,-0.00437446
2016-03-29,40.900002,41.43,40.77,41.349998,39.623764,6794000,-0.004646108
2016-03-30,41.75,42.07,41.360001,41.380001,39.652512,6076800,-0.000314977
2016-03-31,41.5,41.68,40.98,41.009998,39.297958,8138000,0.003900721
2016-04-01,40.130001,40.16,39.27,39.52,37.870159,11244100,0.016072856
2016-04-04,39.810001,40.240002,39.150002,39.369999,37.726421,7831200,0.001651522
2016-04-05,39.130001,39.380001,38.740002,38.93,37.30479,7648400,0.004881007
2016-04-06,39.07,39.07,38.34,38.900002,37.276047,5650000,0.000334749
2016-04-07,38.66,39.049999,37.91,38.360001,36.758587,8206700,0.006071042
2016-04-08,38.700001,38.720001,38.119999,38.5,36.892742,6087400,-0.001582126
2016-04-11,38.790001,39.549999,38.669998,38.73,37.113148,7932300,-0.002586859
2016-04-12,38.82,39.43,38.759998,39.189999,37.55394,6426000,-0.005127715
2016-04-13,39.299999,40.009998,38.889999,39.939999,38.272629,12493500,-0.008232787
2016-04-14,40.34,41.66,40.25,41.169998,39.451279,10133400,-0.013172792
2016-04-15,41.299999,41.360001,40.720001,40.91,39.202126,6982200,0.002751467
2016-04-18,41.18,41.259998,40.439999,40.919998,39.211716,5245700,-0.000106228
2016-04-19,40.990002,41.759998,40.970001,41.34,39.614185,6650200,-0.004434877
2016-04-20,41.360001,41.709999,41.110001,41.259998,39.53751,5018200,0.000841411
2016-04-21,40.799999,40.93,39.799999,40.009998,38.33971,10782600,0.013360491
2016-04-22,37.68,38.490002,37.009998,38.209999,36.614849,20939500,0.019991576
2016-04-25,38.16,38.400002,36.919998,37,35.455364,12670100,0.013975299
2016-04-26,37.27,37.490002,36.259998,36.919998,35.378708,14692700,0.00093998
2016-04-27,36.790001,37.290001,36.52,36.709999,35.177475,12305000,0.002477306
2016-04-28,37.040001,37.09,35.889999,35.970001,34.468365,9836800,0.00884398
2016-04-29,35.810001,35.830002,34.099998,34.689999,33.241791,17807200,0.015736269
2016-05-02,34.990002,35.169998,34.400002,34.43,33.088032,8829800,0.002013478
2016-05-03,34.759998,34.77,33.849998,34.580002,33.232189,10674200,-0.001888012
2016-05-04,34.169998,34.299999,33,33.209999,31.915586,13412400,0.017556126
2016-05-05,33.279999,33.52,32.73,32.810001,31.531174,11606100,0.005262682
2016-05-06,32.669998,33.150002,32.189999,33.029999,31.742601,12749100,-0.002902369
2016-05-09,33.029999,33.799999,32.939999,32.939999,31.656111,9312500,0.00118495
2016-05-10,33.240002,33.799999,33.09,33.77,32.453758,8124400,-0.010807433
2016-05-11,33.68,34.040001,32.849998,32.860001,31.579233,8148600,0.011863416
2016-05-12,33.009998,33.02,31.290001,31.33,30.108864,14228200,0.020707208
2016-05-13,31.09,32.009998,31.08,31.51,30.281847,10132500,-0.002487991
2016-05-16,31.809999,32.299999,30.99,32.119999,30.868067,12397800,-0.008327073
2016-05-17,32.25,33.290001,32.02,32.639999,31.367804,13303400,-0.006974681
2016-05-18,32.610001,33.360001,32.34,32.610001,31.338974,9136300,0.000399342
2016-05-19,32.279999,32.59,31.690001,32.150002,30.896898,8875400,0.006169895
2016-05-20,32.299999,32.810001,31.950001,32.009998,30.762354,7278000,0.001895314
2016-05-23,32.029999,32.290001,31.700001,31.73,30.493271,6498400,0.003815552
2016-05-24,31.889999,32.279999,31.85,32.150002,30.896898,6962700,-0.005710866
2016-05-25,32.389999,32.900002,32.099998,32.169998,30.916122,7401800,-0.000270133
2016-05-26,32.130001,32.34,31.370001,31.51,30.281847,7222800,0.009002652
2016-05-27,31.6,31.84,31.41,31.65,30.416388,8573700,-0.001925279
2016-05-31,31.75,31.969999,31.33,31.91,30.666256,9618700,-0.003553117
2016-06-01,31.940001,32.259998,31.73,31.950001,30.704693,6415500,-0.000544003
2016-06-02,31.67,32.07,31.58,31.67,30.435608,6813300,0.003822778
2016-06-03,31.59,31.6,30.370001,30.809999,29.609127,12424100,0.011956379
2016-06-06,30.77,31.299999,30.379999,31.26,30.04159,8335400,-0.006297312
2016-06-07,31.459999,32.869999,31.1,32.360001,31.098719,12424200,-0.015019586
2016-06-08,32.630001,32.970001,32.220001,32.509998,31.242867,8173100,-0.00200838
2016-06-09,32.25,33.580002,32.25,33.400002,32.098186,8188300,-0.011729609
2016-06-10,32.799999,33.48,32.639999,33.139999,31.848307,8252300,0.003394138
2016-06-13,32.990002,32.990002,31.639999,31.799999,30.560539,9225600,0.017925341
2016-06-14,31.809999,31.969999,30.02,30.360001,29.176666,13802900,0.020125346
2016-06-15,30.65,31.1,30.450001,30.49,29.301603,8152300,-0.001855716
2016-06-16,29.799999,29.799999,29.02,29.139999,28.004217,18236700,0.019667946
2016-06-17,29.1,29.549999,28.85,29.34,28.196426,15301900,-0.002970629
2016-06-20,29.75,30.389999,29.639999,29.709999,28.552002,8359300,-0.005442502
2016-06-21,30.290001,30.389999,29.690001,30.02,28.849916,8922900,-0.004507988
2016-06-22,30.049999,30.33,29.82,29.889999,28.724991,6675900,0.001884652
2016-06-23,30.25,30.49,29.77,30.33,29.147839,9139900,-0.006346461
2016-06-24,28.200001,28.5,27.040001,27.049999,25.995686,36049900,0.049705079
2016-06-27,26.85,26.85,24.85,25.27,24.285061,23170100,0.029562084
2016-06-28,26.120001,26.879999,25.76,26.77,25.726597,20026100,-0.025043145
2016-06-29,26.940001,28.07,26.940001,27.700001,26.620348,15008800,-0.014831385
2016-06-30,27.860001,28.309999,27.49,28.309999,27.206568,11148300,-0.009460032
2016-07-01,28.26,29.52,28.200001,29.33,28.186813,13250000,-0.015372214
2016-07-05,29.09,29.16,28.190001,28.93,27.802406,9467000,0.005963593
2016-07-06,27.76,28.4,27.120001,28.35,27.245014,18757500,0.008795346
2016-07-07,28.389999,29.469999,28.309999,29.4,28.254086,11779800,-0.015794227
2016-07-08,29.799999,30.280001,29.700001,30.040001,28.869146,13659300,-0.009352674
2016-07-11,30.23,31.440001,30.219999,31.16,29.945486,12374400,-0.015897429
2016-07-12,32.779999,34.889999,32.75,34.66,33.309063,25515700,-0.04623105
2016-07-13,35,35.290001,34.119999,34.450001,33.107258,15215100,0.002639203
2016-07-14,35.110001,36.189999,35,35.880001,34.481514,16884400,-0.017663113
2016-07-15,35.509998,36.060001,35.32,35.889999,34.491123,9817100,-0.000121008
2016-07-18,36.029999,36.34,35.759998,36.029999,34.625668,8606800,-0.001690826
2016-07-19,35.779999,36.080002,35.330002,36.009998,34.606449,7956300,0.000241122
2016-07-20,36.07,36.73,35.389999,35.919998,34.519951,13098400,0.001086868
2016-07-21,35.099998,35.560001,34.439999,34.959999,33.59737,16429900,0.011764888
2016-07-22,36.450001,36.560001,35.599998,36.360001,34.942806,14704700,-0.017052495
2016-07-25,36.349998,36.400002,35.52,35.799999,34.404636,9526700,0.00674081
2016-07-26,35.91,36.68,35.650002,36.549999,35.125408,8871200,-0.00900441
2016-07-27,36.5,36.599998,35.900002,36.200001,34.789043,6671200,0.004178895
2016-07-28,36.07,36.529999,35.75,36.34,34.92358,6518800,-0.001676275
2016-07-29,36.259998,36.740002,35.5,35.5,34.116333,9138600,0.010156412
2016-08-01,35.540001,35.75,35.099998,35.599998,34.212429,7059000,-0.001221564
2016-08-02,35.389999,35.400002,33.380001,33.509998,32.203899,12100400,0.026275453
2016-08-03,33.470001,33.959999,33.169998,33.48,32.271362,8254200,-0.000908839
2016-08-04,33.57,33.77,33,33.580002,32.367748,6384700,-0.001295189
2016-08-05,33.709999,34.720001,33.68,34.439999,33.196705,16437200,-0.010982495
2016-08-08,34.220001,34.880001,34.119999,34.349998,33.109951,7142400,0.001136441
2016-08-09,35.209999,35.5,34.540001,34.59,33.341293,7307200,-0.0030239
2016-08-10,34.59,34.75,33.740002,34.18,32.946095,5878400,0.005178492
2016-08-11,34.25,35.080002,34.240002,34.959999,33.697941,7665900,-0.009799419
2016-08-12,34.740002,35.169998,34.66,34.919998,33.659374,6063900,0.000497331
2016-08-15,34.959999,36.049999,34.900002,35.869999,34.575081,7137200,-0.011657172
2016-08-16,35.669998,36.790001,35.630001,36.75,35.423321,9385000,-0.010526068
2016-08-17,36.68,36.75,36.189999,36.599998,35.278732,8002000,0.001776307
2016-08-18,36.43,36.700001,36.049999,36.669998,35.34621,5292900,-0.000829886
2016-08-19,36.439999,36.740002,36.099998,36.490002,35.172699,6675300,0.002137158
2016-08-22,36.330002,36.48,35.860001,36,34.700397,5189400,0.005871252
2016-08-23,36.32,36.650002,36.18,36.400002,35.085953,5401700,-0.004798834
2016-08-24,36.27,36.990002,36.189999,36.650002,35.326927,5945800,-0.002972584
2016-08-25,36.34,36.939999,36.32,36.720001,35.394398,5446000,-0.000828669
2016-08-26,36.68,36.84,36.02,36.23,34.922092,6257700,0.005834278
2016-08-29,36.130001,36.41,36.049999,36.169998,34.864254,4760700,0.000719875
2016-08-30,35.450001,37.349998,35.349998,37.049999,35.712486,14509300,-0.010439706
2016-08-31,36.970001,36.98,35.630001,36.299999,34.989567,13111700,0.008881515
2016-09-01,36.529999,36.709999,35.880001,36.240002,34.931732,6940600,0.000718449
2016-09-02,36,36.700001,36,36.529999,35.211254,5429100,-0.003461373
2016-09-06,36.450001,36.970001,36.360001,36.959999,35.625729,5501700,-0.005082268
2016-09-07,37.5,39.52,37.419998,38.75,37.351112,13775000,-0.020539776
2016-09-08,38.68,39.41,38.43,39.349998,37.929455,7101500,-0.006673067
2016-09-09,39,39.34,38.169998,38.490002,37.100506,8623600,0.00959677
2016-09-12,37.220001,38.380001,36.619999,38.34,36.955925,11959800,0.001695756
2016-09-13,38.119999,38.310001,37.220001,37.369999,36.020939,9330300,0.011129047
2016-09-14,37,37.200001,36.25,36.389999,35.076305,8051800,0.011541192
2016-09-15,36.310001,36.630001,35.849998,36.41,35.095589,7793900,-0.000238698
2016-09-16,36.259998,36.360001,35.470001,35.490002,34.208805,10724800,0.011114632
2016-09-19,35.66,36.110001,35.349998,35.439999,34.160606,5422300,0.000612337
2016-09-20,35.75,35.860001,35.130001,35.150002,33.881077,6666500,0.003568359
2016-09-21,35,35.150002,33.900002,34.669998,33.418404,10408200,0.005971502
2016-09-22,34.959999,36.029999,34.849998,35.25,33.977467,7438700,-0.007205294
2016-09-23,35.299999,35.669998,34.959999,35.549999,34.266632,4603200,-0.003680421
2016-09-26,35.189999,35.549999,34.860001,34.93,33.669022,7353500,0.007640919
2016-09-27,34.98,36.130001,34.900002,36,34.700397,5068900,-0.013103942
2016-09-28,36.099998,36.860001,35.779999,35.84,34.546165,6291600,0.001934601
2016-09-29,35.650002,36.599998,35.599998,35.82,34.52689,6182700,0.000242382
2016-09-30,35.98,36.990002,35.860001,36.610001,35.288368,7429300,-0.009474113
2016-10-03,36.459999,37.75,36.330002,37.700001,36.339024,8878900,-0.012741685
2016-10-04,38.389999,38.779999,37.549999,37.630001,36.271553,9065600,0.000807108
2016-10-05,37.82,38.119999,37.310001,37.869999,36.50288,4713100,-0.00276098
2016-10-06,37.830002,38.220001,37.57,38.169998,36.792053,5160200,-0.003426891
2016-10-07,38.25,38.48,37.400002,37.73,36.367935,5133200,0.00503538
2016-10-10,37.950001,38.950001,37.470001,38.889999,37.486057,6939900,-0.013151119
2016-10-11,39.990002,39.990002,38.060001,38.200001,36.820969,10034700,0.007774548
2016-10-12,38.119999,38.380001,37.360001,37.380001,36.030575,7410000,0.009424021
2016-10-13,36.950001,39.5,36.799999,39.240002,37.823429,14773300,-0.021089706
2016-10-14,39.450001,39.919998,38.59,38.650002,37.25473,8871200,0.006579478
2016-10-17,38.66,39.73,38.369999,38.580002,37.187252,5602000,0.000787333
2016-10-18,38.84,39.889999,38.84,39.349998,37.929455,10538200,-0.008582516
2016-10-19,39.48,40.810001,39.400002,40.630001,39.163242,12764200,-0.013902034
2016-10-20,40.93,40.93,39.41,40.59,39.124695,14695900,0.000427671
2016-10-21,39.970001,40.240002,39.650002,39.900002,38.459599,9981500,0.007446213
2016-10-24,40.25,40.549999,39.77,39.830002,38.392128,6466300,0.000762567
2016-10-25,39.66,40.43,39.360001,39.689999,38.257183,6019900,0.001529197
2016-10-26,38.57,40.259998,38.209999,39.32,37.900543,10112300,0.004067556
2016-10-27,39.450001,40.18,39.259998,39.91,38.469238,6542100,-0.006468152
2016-10-28,39.849998,40.57,39.799999,40.060001,38.613827,6710700,-0.001629263
2016-10-31,40.310001,40.810001,40.080002,40.599998,39.134323,5961100,-0.005814979
2016-11-01,40.509998,40.849998,39.57,39.799999,38.363205,9028700,0.008642943
2016-11-02,39.720001,40.25,39.619999,39.709999,38.276459,5274500,0.000983129
2016-11-03,39.779999,40.240002,39.299999,39.380001,38.054207,6006500,0.002529078
2016-11-04,39.27,40.220001,39.240002,39.740002,38.402084,6717500,-0.003952117
2016-11-07,40.389999,41.650002,40.310001,41.490002,40.093163,8334200,-0.018715526
2016-11-08,41.419998,41.849998,41.02,41.700001,40.296097,5725800,-0.002192664
2016-11-09,40.759998,42.75,40.439999,42.41,40.982193,8392100,-0.007332211
2016-11-10,42.709999,43.389999,42.150002,42.299999,40.875896,8665900,0.001127909
2016-11-11,42.07,42.950001,41.68,42.93,41.484688,6623500,-0.006420543
2016-11-14,43.009998,43.610001,42.98,43.400002,41.938862,7773600,-0.004728814
2016-11-15,45,45.279999,43.59,44.759998,43.253067,13166600,-0.013400266
2016-11-16,44.66,44.799999,43.93,44.450001,42.953518,6167000,0.003018169
2016-11-17,44.389999,45.849998,44.049999,45.830002,44.28706,8558700,-0.013278111
2016-11-18,46.150002,46.490002,45.619999,46.259998,44.702568,7795100,-0.004055622
2016-11-21,46.459999,46.75,45.950001,46.080002,44.528633,6651400,0.00169311
2016-11-22,46.029999,46.950001,45.950001,46.080002,44.528633,5780600,0
2016-11-23,46.049999,46.389999,45.700001,46.34,44.779877,5160200,-0.002443534
2016-11-25,46.34,46.860001,46.299999,46.82,45.243721,2426600,-0.004475419
2016-11-28,46.639999,46.889999,45.66,46.5,44.934494,7369600,0.00297846
2016-11-29,46.59,47.139999,46.169998,46.889999,45.311367,4885400,-0.003627309
2016-11-30,46.139999,46.860001,45.419998,46.439999,44.876511,7904200,0.00418808
2016-12-01,46.200001,47.09,45.66,45.75,44.209743,7435200,0.006501094
2016-12-02,46.09,46.860001,45.91,46.099998,44.547966,6505100,-0.003309889
2016-12-05,46.450001,46.540001,45.580002,45.720001,44.180756,5256400,0.003594736
2016-12-06,46.16,46.549999,45.919998,46.43,44.866859,5334500,-0.006692524
2016-12-07,46.610001,48.939999,46.52,48.650002,47.012108,10210300,-0.020284058
2016-12-08,48.599998,48.599998,47.700001,48.049999,46.432304,6240000,0.005389491
2016-12-09,49.27,50.639999,48.740002,49.639999,47.968777,9850800,-0.014138412
2016-12-12,49.16,49.34,47.439999,47.59,45.987801,8643500,0.018316003
2016-12-13,47.939999,48.490002,47.709999,47.84,46.229378,6147700,-0.002275407
2016-12-14,47.84,48.75,47.810001,47.919998,46.306683,5293900,-0.000725623
2016-12-15,48.099998,49.950001,48.099998,48.299999,46.673889,7530800,-0.003430316
2016-12-16,48.610001,49.07,47.560001,47.630001,46.026451,9299700,0.0060665
2016-12-19,47.889999,48.599998,47.740002,48.580002,46.944473,4729900,-0.008576979
2016-12-20,48.5,49.5,48.5,49.220001,47.562927,4814600,-0.005684105
2016-12-21,49.34,49.900002,49.23,49.470001,47.804504,3827900,-0.002200243
2016-12-22,49.349998,49.450001,48.459999,48.689999,47.05077,3618700,0.006902081
2016-12-23,48.610001,48.84,48.290001,48.48,46.847832,2914800,0.001877238
2016-12-27,48.290001,48.919998,48.139999,48.610001,46.973461,2797800,-0.001163063
2016-12-28,48.73,48.830002,47.610001,47.669998,46.065098,4153600,0.008480561
2016-12-29,47.799999,48,46.959999,47.25,45.659245,3709300,0.003843274
2016-12-30,47.419998,47.66,46.470001,46.689999,45.118092,4495000,0.005178
2017-01-03,47.279999,47.34,46.139999,46.299999,44.741226,6737800,0.003642845
2017-01-04,46.630001,47.439999,46.349998,46.700001,45.127758,5859600,-0.003735877
2017-01-05,46.52,46.93,45.610001,45.889999,44.345032,6825300,0.007598785
2017-01-06,45.849998,46.720001,45.470001,46.209999,44.654255,7260200,-0.003017875
2017-01-09,46.009998,47.34,45.779999,47.080002,45.494972,4739100,-0.008100554
2017-01-10,47,48.509998,46.970001,48.48,46.847832,7483800,-0.012726096
2017-01-11,49.290001,49.900002,48.099998,48.639999,47.002449,6925800,-0.001430989
2017-01-12,48.669998,49,46.84,48.099998,46.480625,5447300,0.004848528
2017-01-13,48.16,48.43,47.540001,47.650002,46.045776,3541700,0.004082163
2017-01-17,47.560001,47.75,46.669998,46.75,45.176075,5350800,0.008281301
2017-01-18,47.400002,47.799999,46.650002,47.639999,46.036125,5176500,-0.008190265
2017-01-19,47.639999,48.09,46.880001,47.259998,45.668903,3729300,0.003478181
2017-01-20,47.540001,48.16,47.240002,48,46.383995,5611800,-0.006747572
2017-01-23,47.900002,48.09,46.75,46.939999,45.359676,4284200,0.009698207
2017-01-24,47.049999,47.799999,46.799999,47.540001,45.939484,4926700,-0.005516169
2017-01-25,47.900002,48.209999,47.610001,47.91,46.297024,5075800,-0.003366962
2017-01-26,48.43,49.709999,48.330002,49.59,47.92046,10332800,-0.014967903
2017-01-27,50,50,46.720001,46.950001,45.36935,19411100,0.023758421
2017-01-30,45.619999,45.919998,43.860001,44.900002,43.388363,16786100,0.019389292
2017-01-31,44.790001,44.84,43.740002,44.25,42.760242,11719800,0.006333111
2017-02-01,44.75,45,43.91,44.049999,42.566971,7955500,0.001967407
2017-02-02,43.610001,44.52,43.57,44.009998,42.528328,7607700,0.000394439
2017-02-03,44.310001,44.549999,43.759998,44.200001,42.711933,6357900,-0.001870918
2017-02-06,44.799999,45.599998,44.740002,45.299999,43.774887,6496100,-0.010675807
2017-02-07,45.75,46.130001,45.009998,45.169998,43.649269,6120000,0.001248059
2017-02-08,45.259998,45.259998,44.509998,45.060001,43.542976,4329900,0.001058867
2017-02-09,45.07,46.599998,44.939999,46.299999,44.84074,7089900,-0.012754663
2017-02-10,46.619999,46.700001,46.169998,46.450001,44.986012,4040600,-0.001404724
2017-02-13,46.560001,47.779999,46.5,47.41,45.915756,6158600,-0.008884245
2017-02-14,47.259998,47.279999,46.450001,46.57,45.102234,6271700,0.007763685
2017-02-15,47.59,48.049999,46.93,47.540001,46.041664,8394800,-0.008952957
2017-02-16,47.5,47.650002,46.66,46.970001,45.489624,5681800,0.005238664
2017-02-17,46.830002,47.099998,46.43,46.91,45.431519,4581600,0.000555089
2017-02-21,47.009998,47.27,46.580002,46.810001,45.334675,4672000,0.000926751
2017-02-22,46.5,46.700001,45.869999,46.32,44.860111,5799600,0.004570163
2017-02-23,46.419998,47.32,45.889999,46.099998,44.647041,5247000,0.002067663
2017-02-24,46,46.299999,45.580002,46.279999,44.821369,4489600,-0.001692436
2017-02-27,46.18,46.360001,45.68,46.32,44.860111,4130500,-0.000375227
2017-02-28,46.32,46.720001,46.029999,46.360001,44.898846,4935600,-0.000374835
2017-03-01,46.790001,48.139999,46.700001,47.09,45.605846,8278900,-0.006785338
2017-03-02,46.669998,46.740002,45.639999,45.720001,44.279018,7590700,0.012822536
2017-03-03,45.849998,47.259998,45.77,46.82,45.344345,7256900,-0.010325152
2017-03-06,46.41,46.68,44.380001,45.310001,43.881943,11336600,0.014237284
2017-03-07,45.02,45.23,44.560001,44.84,43.426754,4565300,0.00452848
2017-03-08,44.790001,45.299999,44.599998,44.889999,43.475185,5520400,-0.00048407
2017-03-09,44.5,44.93,43.25,43.330002,41.964348,9330100,0.015360959
2017-03-10,43.459999,43.950001,42.970001,43.900002,42.516388,6842300,-0.005675882
2017-03-13,43.73,44.119999,42.259998,42.369999,41.034603,8882300,0.015406126
2017-03-14,42.060001,42.099998,40.84,41.209999,39.91116,10208500,0.012055886
2017-03-15,40.5,42.189999,40.209999,42.09,40.763432,13986200,-0.009176391
2017-03-16,42.18,42.349998,41.450001,42.130001,40.802177,7058300,-0.000412594
2017-03-17,42,42.209999,41.599998,41.720001,40.405098,10185800,0.004247171
2017-03-20,42.18,42.419998,41.450001,41.700001,40.385719,6229800,0.000208345
2017-03-21,41.880001,41.98,40.34,40.419998,39.146065,7938700,0.013539706
2017-03-22,39.779999,40.549999,39.209999,40.349998,39.07827,9943000,0.000752784
2017-03-23,40.700001,41.860001,40.48,41.41,40.104866,9516600,-0.01126174
2017-03-24,41.689999,42.07,41.419998,41.73,40.414783,6596600,-0.003343182
2017-03-27,41.07,41.889999,40.560001,41.740002,40.424458,6050500,-0.000103954
2017-03-28,41.830002,42.93,41.549999,42.599998,41.257359,6185800,-0.008857218
2017-03-29,42.689999,42.759998,41.869999,41.959999,40.637531,5331400,0.00657411
2017-03-30,41.849998,42.639999,41.790001,42.540001,41.199245,3681400,-0.005961944
2017-03-31,42.369999,42.939999,42.27,42.299999,40.966808,5427700,0.002457131
2017-04-03,42.330002,42.57,41.630001,42.450001,41.112087,5764700,-0.001537397
2017-04-04,42.09,42.23,40.82,40.900002,39.610931,7254700,0.016154474
2017-04-05,41.150002,42.130001,41.060001,41.310001,40.008007,7012700,-0.004331868
2017-04-06,41.400002,41.959999,41.16,41.720001,40.405098,3627600,-0.004289247
2017-04-07,41.529999,42.099998,41.279999,41.810001,40.49226,4137000,-0.000935852
2017-04-10,41.810001,42.669998,41.619999,42.32,40.986187,4650500,-0.0052655
2017-04-11,42.779999,43.950001,42.41,43.93,42.545441,10269600,-0.016215512
2017-04-12,44.790001,45.349998,43.830002,43.959999,42.574493,9991100,-0.000296455
2017-04-13,43.950001,44.02,43.34,43.349998,41.983711,5504900,0.006068661
2017-04-17,43.470001,44.25,43.360001,44.23,42.835983,4563200,-0.008727914
2017-04-18,44.029999,44.529999,43.400002,43.810001,42.429218,5808900,0.00414371
2017-04-19,44.07,44.779999,43.900002,44.400002,43.000629,6573400,-0.005809781
2017-04-20,44.709999,45.380001,44.560001,45.220001,43.794785,4956500,-0.00794759
2017-04-21,45.5,45.5,44.990002,45.150002,43.727001,5536000,0.000672706
2017-04-24,45.5,46.439999,45.470001,46.439999,44.976322,6335300,-0.012234245
2017-04-25,46.799999,47.389999,46.380001,46.610001,45.140968,5960600,-0.00158693
2017-04-26,46.509998,46.900002,46.240002,46.400002,44.937592,6027600,0.001961071
2017-04-27,43.91,44.209999,42.41,43.98,42.593857,18988600,0.023262828
2017-04-28,44.02,44.060001,42.560001,42.619999,41.27673,13358000,0.013641684
2017-05-01,42.759998,42.959999,42.009998,42.080002,40.753746,8591400,0.00553775
2017-05-02,42.060001,43.91,42.049999,43.869999,42.487331,9402500,-0.018091916
2017-05-03,43.669998,44.169998,43.419998,43.919998,42.535751,5144300,-0.000494655
2017-05-04,44.18,44.389999,43.200001,43.91,42.52607,4476100,9.89E-05
2017-05-05,44,44.52,43.77,44.509998,43.107159,5462800,-0.005894152
2017-05-08,44.599998,45.049999,44.52,44.939999,43.523609,6190700,-0.004175499
2017-05-09,45.400002,47.299999,45.25,47.080002,45.596161,11116800,-0.020203378
2017-05-10,47.029999,47.779999,46.669998,47.299999,45.809223,7379800,-0.002024647
2017-05-11,47.209999,47.240002,45.650002,46.540001,45.073174,6086300,0.007034784
2017-05-12,46.259998,46.439999,45.73,45.830002,44.481129,3888700,0.00574234
2017-05-15,45.700001,46.990002,45.689999,46.68,45.306114,5534500,-0.007981012
2017-05-16,46.790001,47.130001,44.740002,46.939999,45.55846,4627800,-0.002412222
2017-05-17,46.25,46.560001,44.880001,44.919998,43.597912,6906700,0.019103345
2017-05-18,44.400002,45.400002,44.380001,44.650002,43.335861,6626700,0.002618261
2017-05-19,44.799999,45.380001,44.740002,45.220001,43.889088,6736700,-0.005509127
2017-05-22,45.330002,46.25,45.330002,46.209999,44.849945,4428600,-0.009405358
2017-05-23,46.27,46.689999,45.939999,46.66,45.286705,3008500,-0.004208808
2017-05-24,46.740002,47.43,46.650002,46.77,45.393459,3885100,-0.001022554
2017-05-25,46.990002,48.119999,46.82,48.02,46.606678,5441800,-0.011454871
2017-05-26,47.790001,48.82,47.73,48.740002,47.305489,5979300,-0.006463387
2017-05-30,48.32,48.580002,47.790001,47.959999,46.548439,5512900,0.007006415
2017-05-31,48.200001,48.48,47.529999,48.41,46.985199,4486100,-0.004055949
2017-06-01,48.5,49.360001,48.299999,49.049999,47.606354,4421400,-0.005703851
2017-06-02,49.560001,50.470001,49.369999,49.52,48.062527,7708600,-0.004141679
2017-06-05,49.529999,49.950001,49.400002,49.740002,48.276051,5466700,-0.001925136
2017-06-06,49.470001,50.099998,49.32,49.740002,48.276051,4473500,0
2017-06-07,49.439999,50.91,48.799999,50.860001,49.363087,7078400,-0.009670574
2017-06-08,50.860001,51.869999,50.41,51.43,49.916313,6544300,-0.004840188
2017-06-09,51.610001,51.950001,50.25,50.27,48.790455,7204300,0.009907631
2017-06-12,50.099998,50.220001,48.099998,49.48,48.023705,8597900,0.006879206
2017-06-13,49.560001,49.91,48.84,49.450001,47.994587,5153300,0.000263404
2017-06-14,49.639999,49.779999,48.889999,49.389999,47.936352,4027800,0.000527278
2017-06-15,49.139999,49.32,48.369999,49.110001,47.664589,4579600,0.002469128
2017-06-16,48.900002,49.450001,48.619999,48.790001,47.354012,6622100,0.002839073
2017-06-19,49.130001,49.720001,48.82,49.66,48.198406,4104300,-0.007675896
2017-06-20,49.220001,49.360001,48.009998,48.029999,46.616383,6035100,0.014494102
2017-06-21,48.330002,48.639999,48.130001,48.43,47.004604,3469500,-0.003601825
2017-06-22,50.5,50.560001,48.790001,48.970001,47.528717,9792100,-0.004815693
2017-06-23,49,49.099998,48.470001,48.630001,47.198723,12682000,0.003025842
2017-06-26,48.810001,49.779999,48.540001,48.779999,47.344303,3992900,-0.001337479
2017-06-27,48.599998,49.560001,48.5,48.5,47.072544,4264400,0.002500057
2017-06-28,48.82,49.799999,48.810001,49.25,47.800472,4259700,-0.006664515
2017-06-29,49.279999,49.689999,48.82,49.619999,48.159576,6170100,-0.00325047
2017-06-30,49.919998,50.509998,49.599998,50.32,48.838978,6618700,-0.006083913
2017-07-03,50.779999,51.279999,50.369999,50.389999,48.906921,2906500,-0.000603755
2017-07-05,50.439999,51.549999,50.18,51.259998,49.751308,5157500,-0.007434181
2017-07-06,50.970001,52.580002,50.860001,52.049999,50.518059,7021400,-0.006642153
2017-07-07,52.299999,53.380001,52.18,53.029999,51.469219,6597000,-0.008100922
2017-07-10,52.98,53.16,52.23,52.66,51.110115,4600000,0.00304072
2017-07-11,52.580002,52.66,51.470001,51.610001,50.091011,4545700,0.008747061
2017-07-12,53.119999,53.830002,52.450001,53.799999,52.216557,8348400,-0.018048435
2017-07-13,53.400002,54.48,53.150002,53.810001,52.226265,5346700,-8.07E-05
2017-07-14,53.799999,54.279999,53.34,54.220001,52.624199,4537900,-0.00329653
2017-07-17,54.209999,54.279999,53.849998,53.869999,52.2845,3727400,0.002812539
2017-07-18,53.830002,53.84,53.02,53.150002,51.585693,4101400,0.00584369
2017-07-19,52.259998,53.189999,51.779999,52.610001,51.061573,5774700,0.00443508
2017-07-20,52.720001,52.779999,52.099998,52.34,50.799526,4836200,0.00223453
2017-07-21,52.130001,52.549999,51.450001,51.91,50.382187,4544400,0.003582644
2017-07-24,51.790001,52.029999,51.240002,51.279999,49.770721,4876400,0.005303083
2017-07-25,51.5,51.900002,50.549999,50.610001,49.120449,4484900,0.005711604
2017-07-26,50.630001,51.169998,50.009998,51.009998,49.508671,4776100,-0.00341894
2017-07-27,50.34,50.34,48.75,50,48.5284,10260300,0.008685296
2017-07-28,49.02,50.669998,48.73,50.490002,49.003983,9153400,-0.004235408
2017-07-31,50.849998,51.23,50.040001,50.439999,48.955448,6062900,0.000430351
2017-08-01,51.130001,52,50.32,51.060001,49.557205,5045300,-0.005305775
2017-08-02,50.889999,51.18,49.900002,50.450001,48.96516,4679700,0.005219626
2017-08-03,50.560001,51.200001,50.360001,50.549999,49.062214,3231400,-0.000859964
2017-08-04,50.669998,50.919998,50.389999,50.799999,49.304852,2993500,-0.002142517
2017-08-07,50.82,51.130001,50.459999,50.580002,49.091331,3016700,0.001884852
2017-08-08,50.68,50.779999,49.889999,50,48.5284,4274400,0.005008834
2017-08-09,49.740002,49.919998,49.23,49.400002,47.946056,5020800,0.005243084
2017-08-10,49.029999,49.34,48.189999,48.549999,47.216652,5441400,0.006657699
2017-08-11,48.5,48.790001,47.439999,48.349998,47.022144,5610700,0.001792762
2017-08-14,48.860001,49.169998,48.5,48.810001,47.469509,2996500,-0.004112312
2017-08-15,48.759998,49,48.349998,48.52,47.187477,3149600,0.002587982
2017-08-16,48.639999,48.73,48.27,48.41,47.080505,4187300,0.000985645
2017-08-17,48.25,48.34,45.799999,46.029999,44.765862,10304200,0.021894161
2017-08-18,46.299999,46.299999,45.439999,45.549999,44.299046,6242800,0.004552578
2017-08-21,45.73,46.09,45.41,45.709999,44.454647,4353900,-0.001522792
2017-08-22,45.849998,45.93,45.330002,45.41,44.162891,4019700,0.00285967
2017-08-23,45.169998,45.240002,43.52,43.970001,42.76244,8159200,0.013995018
2017-08-24,44.130001,44.150002,42.669998,42.919998,41.741268,7057500,0.01049684
2017-08-25,43.09,45.43,43.009998,45.25,44.007286,11738400,-0.022958948
2017-08-28,45.23,45.369999,44.779999,44.950001,43.715527,6969300,0.002888867
2017-08-29,44.529999,44.849998,44.380001,44.560001,43.336231,5195100,0.003784581
2017-08-30,44.540001,44.77,43.889999,44.32,43.102821,5472600,0.002345443
2017-08-31,44.540001,44.939999,44.43,44.740002,43.511295,3799600,-0.004096314
2017-09-01,44.849998,45.470001,44.650002,45.310001,44.065636,4569400,-0.005498034
2017-09-05,44.790001,45.279999,43.84,43.919998,42.713814,8501600,0.013531691
2017-09-06,43.09,44.68,42.610001,44.310001,43.093102,8796700,-0.003839405
2017-09-07,44.189999,44.630001,43.529999,43.84,42.636009,5095000,0.004631212
2017-09-08,43.810001,44.110001,43.490002,43.599998,42.402599,4684600,0.002384068
2017-09-11,44.009998,46.09,44,45.860001,44.600533,7921600,-0.021947572
2017-09-12,45.900002,46.48,45.630001,46.290001,45.018723,6325100,-0.004053123
2017-09-13,46.349998,47.580002,46.099998,47,45.709225,7288200,-0.006610686
2017-09-14,46.790001,46.939999,46.119999,46.189999,44.921474,5360500,0.00754986
2017-09-15,45.299999,46.040001,45.189999,46,44.736687,14846200,0.001790179
2017-09-18,46.02,46.299999,45.27,45.310001,44.065636,4601200,0.006563776
2017-09-19,45.279999,45.66,44.029999,44.380001,43.161186,6884600,0.009006673
2017-09-20,44.919998,45.560001,44.459999,45.419998,44.172607,4708100,-0.010059662
2017-09-21,45.470001,46.57,44.990002,46.290001,45.018723,5864400,-0.00824014
2017-09-22,46.57,47.459999,46.349998,47.060001,45.767578,5342000,-0.007164759
2017-09-25,46.98,47.959999,46.889999,47.700001,46.390007,6363200,-0.005866508
2017-09-26,47.84,48.259998,47.23,47.580002,46.273296,4706000,0.001094003
2017-09-27,47.099998,48.099998,46.630001,46.849998,45.563339,6183200,0.006714892
2017-09-28,46.779999,48.599998,46.779999,47.490002,46.185772,8367800,-0.005892664
2017-09-29,47.490002,47.849998,47.23,47.490002,46.185772,4904300,0
2017-10-02,47.52,47.93,47.220001,47.73,46.419174,4911700,-0.002189201
2017-10-03,47.66,50.59,47.630001,50.509998,49.122822,10261800,-0.0245859
2017-10-04,50.5,51.669998,50.490002,50.73,49.336784,7454500,-0.001887529
2017-10-05,50.849998,50.990002,50.259998,50.560001,49.171459,4212300,0.001457742
2017-10-06,50.700001,51.59,50.650002,51.299999,49.891129,4240500,-0.006310237
2017-10-09,51.23,51.48,50.400002,50.599998,49.210358,3691500,0.005966807
2017-10-10,52,53.25,51.98,53.029999,51.573627,9387100,-0.02037115
2017-10-11,53.099998,53.740002,52.330002,52.830002,51.379108,5396800,0.001641115
2017-10-12,52.720001,52.830002,52.34,52.650002,51.20406,2942800,0.001482162
2017-10-13,52.669998,52.860001,52.259998,52.700001,51.252682,2960300,-0.000412199
2017-10-16,52.52,52.68,51.93,52.27,50.834488,3262300,0.003558143
2017-10-17,52.720001,52.82,51.869999,52.07,50.639996,3651200,0.001664791
2017-10-18,52.110001,52.439999,51.860001,52.029999,50.601082,2542400,0.000333859
2017-10-19,51.57,51.830002,49.630001,51.509998,50.095364,7568200,0.004362267
2017-10-20,51.560001,52.240002,51.529999,51.93,50.503826,3643400,-0.003526743
2017-10-23,51.919998,51.950001,50.869999,50.98,49.579914,3456500,0.008018511
2017-10-24,51.02,52.099998,50.549999,51.950001,50.523281,3654900,-0.008185777
2017-10-25,51.779999,51.779999,50.610001,51.02,49.61882,4658300,0.007845114
2017-10-26,52,53.189999,48.32,48.610001,47.275002,12079000,0.021014876
2017-10-27,48.41,48.889999,47.330002,47.560001,46.253845,8591500,0.009483715
2017-10-30,47.650002,47.669998,46.830002,47.25,45.952354,5402500,0.002840077
2017-10-31,47.220001,47.599998,46.790001,46.82,45.534168,4596600,0.003970358
2017-11-01,48,48.200001,47.369999,47.84,46.526157,4354500,-0.009359776
2017-11-02,47.790001,47.93,47.09,47.360001,46.059338,2410700,0.00437949
2017-11-03,47.360001,47.610001,46.799999,47.450001,46.146866,4037100,-0.00082452
2017-11-06,47.459999,48.099998,47.279999,47.509998,46.205212,4249500,-0.000548755
2017-11-07,47.509998,47.540001,46.400002,46.459999,45.184052,3756400,0.009705792
2017-11-08,46.419998,46.98,45.84,46.369999,45.096523,3198800,0.000842116
2017-11-09,45.849998,46.349998,45.360001,45.77,44.513004,3561500,0.005656154
2017-11-10,45.639999,46.119999,45.560001,45.82,44.659203,2433000,-0.001424064
2017-11-13,45.630001,45.860001,45.330002,45.740002,44.581234,1772400,0.000758883
2017-11-14,45.299999,45.970001,45.27,45.810001,44.649452,1827100,-0.000664047
2017-11-15,45.709999,47.310001,45.450001,47.189999,45.994492,5223100,-0.012889694
2017-11-16,47.259998,48.060001,47.240002,47.68,46.472088,4461400,-0.004486359
2017-11-17,47.599998,47.75,47.189999,47.389999,46.189426,2324800,0.002649621
2017-11-20,47.330002,47.880001,47.119999,47.689999,46.481831,2436000,-0.002740662
2017-11-21,47.889999,48.919998,47.540001,48.650002,47.417511,2796200,-0.008655526
2017-11-22,48.580002,48.970001,48.27,48.66,47.42725,2326900,-8.92E-05
2017-11-24,48.66,48.759998,48.349998,48.560001,47.329792,1352400,0.000893348
2017-11-27,48.610001,48.830002,48.299999,48.419998,47.193333,2630800,0.001253946
2017-11-28,48.439999,49.419998,48.200001,49.220001,47.973068,3864100,-0.007116843
2017-11-29,49.380001,51.16,48.66,49.25,48.002308,8154200,-0.000264626
2017-11-30,49.759998,51.110001,49.299999,50.490002,49.210892,6016200,-0.010799118
2017-12-01,49.669998,50.380001,48.689999,49,47.758644,6229600,0.01300925
2017-12-04,50.099998,51.470001,49.650002,49.93,48.665089,7113800,-0.008165534
2017-12-05,49.849998,50,49.209999,49.470001,48.216732,3594000,0.00401975
2017-12-06,49.389999,49.810001,49.189999,49.610001,48.353184,2835500,-0.001227305
2017-12-07,49.529999,50.919998,49.299999,50.880001,49.591007,3047000,-0.01097785
2017-12-08,51.23,51.790001,50.93,51.02,49.72747,3817900,-0.001193437
2017-12-11,50.779999,51.59,50.759998,51.299999,50.000374,2835600,-0.002376889
2017-12-12,51.27,51.529999,50.380001,50.470001,49.191406,2798200,0.007084017
2017-12-13,50.580002,50.75,49.849998,50.09,48.82103,3035200,0.003282298
2017-12-14,50.59,51.360001,50.080002,50.209999,48.937988,4503100,-0.001039172
2017-12-15,50.669998,51.5,50.400002,51.060001,49.766453,9074200,-0.007290578
2017-12-18,51.25,51.66,51.25,51.490002,50.185558,3235900,-0.003642069
2017-12-19,51.599998,51.810001,51.279999,51.439999,50.136829,3019800,0.000421895
2017-12-20,51.57,52.099998,51.169998,51.919998,50.604664,5172800,-0.004033683
2017-12-21,52.16,53.470001,52.07,52.790001,51.452625,7125900,-0.007216991
2017-12-22,52.720001,52.880001,52.419998,52.59,51.25769,2425100,0.001648506
2017-12-26,52.349998,53.220001,52.330002,52.849998,51.511105,2774000,-0.002141836
2017-12-27,52.799999,52.880001,52.060001,52.400002,51.07251,2831400,0.003713664
2017-12-28,52.450001,52.630001,52.220001,52.459999,51.130981,1845300,-0.000496923
2017-12-29,52.419998,52.82,52.009998,52.029999,50.711876,2696300,0.003574448
2018-01-02,52.330002,53.099998,51.900002,52.990002,51.647556,4084700,-0.007940098
2018-01-03,52.860001,52.860001,52.060001,52.34,51.014027,5074900,0.005360168
2018-01-04,52.48,54.400002,52.27,52.669998,51.335667,3557100,-0.002729601
2018-01-05,52.779999,52.84,52.43,52.650002,51.316177,2967800,0.000164915
2018-01-08,52.599998,52.639999,51.93,52.130001,50.809345,3515800,0.004310698
2018-01-09,52.970001,53.369999,52.009998,52.080002,50.760616,3426000,0.000416713
2018-01-10,53.23,54.02,52.880001,53.779999,52.417542,7655800,-0.013949768
2018-01-11,54.490002,57,54.18,56.419998,54.990665,11339900,-0.02081232
2018-01-12,56.560001,58.73,56.560001,58.470001,56.988728,7505800,-0.015499992
2018-01-16,58.790001,59.080002,57.529999,57.98,56.511139,5283900,0.003654903
2018-01-17,58.310001,58.580002,57.799999,58.16,56.686577,3148900,-0.001346172
2018-01-18,58,58.709999,57.560001,58.34,56.862022,3969100,-0.001342066
2018-01-19,58.59,58.59,57.759998,58.060001,56.589123,3151200,0.002089336
2018-01-22,57.990002,58.34,57.529999,58.099998,56.628101,3553900,-0.000299035
2018-01-23,57.740002,58.459999,57.400002,58.290001,56.813286,3337000,-0.001417911
2018-01-24,54.349998,55.459999,53.450001,54.790001,53.401958,16348500,0.026892728
2018-01-25,54,54.549999,52.209999,53.049999,51.706036,10223100,0.014015937
2018-01-26,53.650002,53.900002,52.34,53.07,51.725533,7066100,-0.00016373
2018-01-29,52.790001,53.16,52.59,52.68,51.345413,5953700,0.003203323
2018-01-30,52.450001,53.049999,52.360001,52.59,51.25769,4741800,0.000742621
2018-01-31,53.080002,54.709999,53,54.32,52.943863,5962900,-0.014056596
2018-02-01,54,54.639999,53.59,53.880001,52.515015,3623100,0.003532132
2018-02-02,53.490002,53.990002,52.029999,52.099998,50.780106,5109400,0.014589891
2018-02-05,51.23,52.389999,49.75,49.759998,48.592651,6878300,0.01912301
2018-02-06,49.32,51.5,48.790001,51.18,49.97934,6782500,-0.012219924
2018-02-07,50.91,51.98,50.889999,51.400002,50.194183,4845800,-0.001862873
2018-02-08,51.439999,51.459999,48.509998,48.599998,47.459862,5995100,0.024326919
2018-02-09,49.700001,49.73,46.330002,48.360001,47.225498,6837800,0.002149925
2018-02-12,48.790001,50.509998,48.650002,50.09,48.914917,5437800,-0.015264775
2018-02-13,49.700001,50.919998,49.639999,50.869999,49.676613,3758000,-0.006710657
2018-02-14,50.240002,51.560001,50.110001,51.07,49.871922,4983200,-0.001704128
2018-02-15,51.450001,51.880001,50.939999,51.669998,50.457844,3140800,-0.005072584
2018-02-16,51.799999,52.209999,51.529999,51.580002,50.369961,3891300,0.000757075
2018-02-20,51.23,52.23,51.099998,51.720001,50.50668,3379700,-0.001177207
2018-02-21,51.959999,53.860001,51.830002,52.779999,51.541805,5396700,-0.008810802
2018-02-22,53.240002,53.41,52.700001,52.98,51.737114,4356700,-0.001642576
2018-02-23,53.299999,53.48,52.720001,53.389999,52.137501,3394700,-0.003348012
2018-02-26,53.990002,55.130001,53.919998,55,53.709732,4962100,-0.012902774
2018-02-27,54.889999,55.599998,54.240002,54.259998,52.987091,4878400,0.005882908
2018-02-28,54.41,54.599998,53.639999,54.25,52.977322,4343800,8.01E-05
2018-03-01,54.139999,55.310001,53.299999,53.48,52.225388,5895600,0.006208326
2018-03-02,52.900002,53.419998,51.869999,53.18,51.932419,4918200,0.002443123
2018-03-05,52.900002,53.689999,52.689999,53.189999,51.942188,3974800,-8.17E-05
2018-03-06,53.34,54.02,52.900002,53.57,52.313274,4273800,-0.003091661
2018-03-07,53.119999,54.169998,53.040001,54.110001,52.840611,3216900,-0.00435593
2018-03-08,54.330002,55.689999,54.279999,54.790001,53.504654,4189500,-0.005423729
2018-03-09,55.049999,56.080002,54.650002,56.07,54.754623,3468900,-0.010029233
2018-03-12,56.259998,56.970001,55.630001,56.5,55.174538,3256400,-0.003317912
2018-03-13,56.860001,57.439999,56.029999,56.23,54.91087,4361800,0.002080381
2018-03-14,56.57,57.209999,55.16,55.279999,53.983154,4267000,0.00740007
2018-03-15,55.349998,55.560001,54.93,55.169998,53.875736,2980500,0.000865039
2018-03-16,55.310001,56.41,55.27,55.400002,54.100346,4574400,-0.001806827
2018-03-19,55.330002,55.689999,54.189999,54.619999,53.338638,3834300,0.006158121
2018-03-20,54.93,55.700001,54.669998,55.32,54.022221,2555600,-0.005530513
2018-03-21,54.209999,54.610001,53.169998,54.09,52.821072,4811600,0.009765224
2018-03-22,53.580002,54.18,52.290001,52.310001,51.082836,4871300,0.014532211
2018-03-23,52.630001,53.099998,50.990002,51.009998,49.813328,3966000,0.010929443
2018-03-26,51.939999,52.040001,50.639999,51.860001,50.643394,3210500,-0.007177246
2018-03-27,52.299999,52.349998,50.549999,50.900002,49.705917,2940700,0.008114713
2018-03-28,50.900002,51.259998,50.049999,50.849998,49.657082,4177500,0.000426895
2018-03-29,51.299999,52.43,51.029999,51.959999,50.741039,3074100,-0.00937816
2018-04-02,51.77,51.950001,48.959999,49.779999,48.612186,4185800,0.018614205
2018-04-03,50.23,51.549999,49.57,51.470001,50.262543,3863300,-0.014499307
2018-04-04,50.599998,52.099998,50.509998,52.040001,50.819168,3955000,-0.004783093
2018-04-05,52.5,53.080002,51.830002,52.139999,50.916813,3060900,-0.000833662
2018-04-06,51.709999,51.959999,49.810001,50.290001,49.110222,4302600,0.015689315
2018-04-09,50.5,50.860001,49.740002,49.82,48.651249,4330100,0.004077903
2018-04-10,50.52,50.57,47.209999,47.459999,46.346611,12805000,0.021076011
2018-04-11,47.150002,47.459999,45.369999,45.400002,44.334946,10151100,0.019271799
2018-04-12,46.029999,46.799999,45.509998,46.57,45.477493,7040400,-0.011050332
2018-04-13,46.75,47.049999,45.75,45.869999,44.793915,5226300,0.006577494
2018-04-16,46.130001,46.939999,45.810001,46.400002,45.311485,4516300,-0.004989274
2018-04-17,46.75,47.029999,45.619999,45.75,44.676727,6961100,0.006126946
2018-04-18,46.5,48.380001,46.049999,47.759998,46.639568,9170700,-0.01867317
2018-04-19,47.529999,47.77,46.41,46.880001,45.78022,5759300,0.008076644
2018-04-20,46.91,47.240002,46.439999,46.779999,45.68256,5344700,0.000927442
2018-04-23,46.849998,47.189999,46.119999,46.68,45.584911,4221700,0.000929322
2018-04-24,46.720001,47.169998,45.110001,45.689999,44.618134,3954300,0.009309708
2018-04-25,45.669998,45.93,43.889999,45.25,44.188461,7847600,0.004202527
2018-04-26,43.490002,43.799999,40.650002,42.369999,41.376022,20517300,0.028560142
2018-04-27,42.549999,43.48,42.330002,43.400002,42.381859,6955200,-0.010431268
2018-04-30,43.5,43.810001,42.759998,42.93,41.922886,6472900,0.00472883
2018-05-01,42.860001,43.459999,42.560001,43.360001,42.342793,5341200,-0.004328329
2018-05-02,43.23,43.41,42.189999,42.240002,41.249073,6314400,0.011365308
2018-05-03,42.25,42.490002,41.540001,42.110001,41.122124,4700500,0.001338655
2018-05-04,41.75,43.450001,41.75,42.860001,41.854527,5540900,-0.0076669
2018-05-07,42.919998,43.23,42.119999,42.439999,41.541302,5331000,0.003262334
2018-05-08,42.330002,44.009998,42.330002,43,42.089439,7766600,-0.005693033
2018-05-09,42.93,43.16,41.470001,41.5,40.621204,8273700,0.015420346
2018-05-10,41.509998,42.459999,41.509998,42.040001,41.149773,7931600,-0.005614652
2018-05-11,42.080002,42.66,42.02,42.599998,41.697918,6066700,-0.005746927
2018-05-14,42.75,43.09,42.200001,42.459999,41.560879,4201600,0.001429647
2018-05-15,42.02,43.400002,41.599998,43.189999,42.275425,6909600,-0.007403258
2018-05-16,43.130001,44.91,43.040001,44.060001,43.126999,7493600,-0.008661256
2018-05-17,43.900002,44.509998,43.490002,43.630001,42.7061,5334100,0.004259326
2018-05-18,43.560001,43.759998,43.040001,43.380001,42.461399,4216100,0.002495614
2018-05-21,43.740002,44.790001,43.630001,44.279999,43.342335,4930200,-0.008918006
2018-05-22,44.5,45.040001,42.830002,42.880001,41.971981,6892400,0.013952837
2018-05-23,42.639999,42.869999,42.27,42.799999,41.893673,3915900,0.000811029
2018-05-24,42.939999,43.889999,42.759998,43.560001,42.637589,3855300,-0.0076442
2018-05-25,43.82,45.82,43.799999,44.91,43.958996,6517300,-0.013255126
2018-05-29,44.599998,45.150002,43.220001,43.59,42.666946,4531800,0.012956207
2018-05-30,43.68,43.830002,42.66,43.299999,42.383091,5457900,0.002898932
2018-05-31,43.400002,44.709999,42.970001,43.540001,42.618011,8540100,-0.002400551
2018-06-01,44.049999,44.09,43.349998,44,43.068272,5472300,-0.00456427
2018-06-04,44.040001,45.009998,43.959999,44.860001,43.910057,5685200,-0.008406554
2018-06-05,44.779999,45.02,43.810001,44.18,43.244461,4975300,0.006633512
2018-06-06,43.450001,44.23,42.880001,44.189999,43.254242,6502500,-9.82E-05
2018-06-07,44.279999,44.48,43.450001,43.84,42.911655,3729000,0.003453441
2018-06-08,43.959999,43.970001,42.959999,43.110001,42.197113,6273000,0.007292526
2018-06-11,43.25,44.93,43.25,44.16,43.22488,6440700,-0.010451057
2018-06-12,44.23,44.299999,43.09,43.41,42.490761,5204600,0.007439287
2018-06-13,43.389999,43.689999,42.830002,42.919998,42.011131,5989000,0.004930136
2018-06-14,43.060001,43.490002,42.799999,43.080002,42.167755,4019300,-0.001616106
2018-06-15,43.060001,43.110001,42.32,42.77,41.864315,7032000,0.00313649
2018-06-18,42.630001,42.68,41.939999,42.439999,41.541302,5372100,0.003363885
2018-06-19,42.029999,42.209999,41.09,41.509998,40.631001,5575300,0.009622582
2018-06-20,41.650002,42.34,41.349998,42.029999,41.13998,4930600,-0.005406554
2018-06-21,42.029999,42.5,41.369999,41.490002,40.611423,5025300,0.005615869
2018-06-22,41.459999,42.41,41.02,41.349998,40.474384,9115100,0.001467959
2018-06-25,41.09,41.27,39.290001,39.68,38.839748,7126400,0.017903844
2018-06-26,39.869999,39.959999,38.990002,39.09,38.262241,6037400,0.006506001
2018-06-27,39.09,39.18,38.25,38.259998,37.449818,7391600,0.009320691
2018-06-28,38.330002,38.529999,37.060001,38.200001,37.391087,7909700,0.000681621
2018-06-29,38.25,38.75,37.82,37.959999,37.156174,6032100,0.002737103
2018-07-02,37.740002,38.400002,37.439999,38.360001,37.547703,3363500,-0.004552386
2018-07-03,37.639999,38.330002,36.759998,37.75,36.950615,5645300,0.006961703
2018-07-05,37.849998,38.18,37.52,37.990002,37.185535,6181500,-0.002752363
2018-07-06,38.189999,38.389999,37.759998,38.09,37.283417,3695000,-0.001141674
2018-07-09,38.209999,39.41,38.07,39.310001,38.477585,4530400,-0.013692098
2018-07-10,39.380001,39.400002,38.5,39.119999,38.291603,4910000,0.002104259
2018-07-11,38.310001,38.34,35.900002,35.959999,35.198521,24894200,0.036579132
2018-07-12,36.400002,36.77,35.639999,36.330002,35.560692,12226300,-0.004445788
2018-07-13,36.310001,37.259998,36.139999,37.119999,36.333954,10829800,-0.009342458
2018-07-16,37.259998,37.580002,36.93,37.279999,36.490562,5358400,-0.00186789
2018-07-17,37.099998,38.049999,37.080002,37.380001,36.588451,6274400,-0.001163472
2018-07-18,38,39.200001,38,38.369999,37.557487,10297400,-0.011352502
2018-07-19,38.32,38.380001,37.549999,38.130001,37.322571,4985200,0.002724973
2018-07-20,37.959999,38.380001,37.810001,37.880001,37.077866,5302700,0.002856822
2018-07-23,37.650002,38.220001,37.360001,38.040001,37.234474,4697300,-0.001830493
2018-07-24,38.189999,38.389999,37.040001,37.450001,36.656971,6415100,0.006788647
2018-07-25,37.32,38.34,37.32,38.189999,37.381298,7336300,-0.008497801
2018-07-26,37.849998,40.450001,37.599998,40.02,39.172543,12832300,-0.020327389
2018-07-27,39.93,40.860001,39.509998,39.689999,38.849537,8445100,0.003595919
2018-07-30,39.880001,40.290001,38.93,38.970001,38.144783,5746200,0.007950699
2018-07-31,39.259998,39.869999,39.139999,39.540001,38.702713,5761100,-0.006306261
2018-08-01,39.380001,39.470001,37.689999,38.139999,37.332352,7080700,0.015656057
2018-08-02,37.860001,38.119999,37.349998,37.93,37.126804,5920700,0.002397787
2018-08-03,38.060001,38.619999,38.049999,38.419998,37.606434,3975100,-0.005574588
2018-08-06,38.259998,38.490002,37.869999,38.41,37.694752,3339900,-0.001018737
2018-08-07,38.650002,38.740002,38.189999,38.259998,37.547546,6427100,0.001699332
2018-08-08,38.41,38.860001,38.220001,38.380001,37.66531,3886500,-0.001359988
2018-08-09,38.549999,38.740002,37.889999,37.919998,37.213875,3699400,0.005236652
2018-08-10,37.75,37.790001,36.450001,37.259998,36.566166,7481700,0.007625468
2018-08-13,37.290001,37.330002,36.68,36.790001,36.104919,4051800,0.005513051
2018-08-14,36.84,37.560001,36.830002,37.09,36.39933,3873000,-0.003527015
2018-08-15,36.959999,37.509998,36.419998,37.439999,36.742809,5599200,-0.004078966
2018-08-16,37.75,38.459999,37.439999,38.16,37.449406,5876500,-0.008272578
2018-08-17,37.990002,38.209999,37.720001,37.790001,37.086296,6364900,0.004231473
2018-08-20,38.040001,40.099998,37.990002,39.990002,39.245338,9628900,-0.024574614
2018-08-21,39.98,40.709999,39.84,40.330002,39.578999,6491800,-0.003676732
2018-08-22,40.080002,40.189999,39.139999,39.189999,38.460224,5593100,0.012452997
2018-08-23,39.189999,39.389999,38.720001,38.830002,38.106937,3931900,0.004007767
2018-08-24,38.900002,39.150002,38.529999,38.82,38.097118,3561700,0.000111919
2018-08-27,39.02,39.82,39.02,39.52,38.784088,11236000,-0.00776146
2018-08-28,39.669998,40.700001,39.599998,40.689999,39.932289,7373500,-0.012670622
2018-08-29,40.66,41.040001,40.25,40.5,39.745834,4475100,0.002032591
2018-08-30,40.360001,40.84,40.150002,40.400002,39.647697,4330100,0.001073649
2018-08-31,40.25,40.549999,40.18,40.48,39.726204,3464000,-0.000859103
2018-09-04,40.32,41.34,40.32,40.77,40.010807,7123200,-0.003100243
2018-09-05,40.810001,41.369999,38.880001,39.669998,38.93129,9738800,0.011878517
2018-09-06,39.48,39.689999,38.25,38.48,37.763451,6917300,0.013227119
2018-09-07,38.310001,39.27,38.150002,38.43,37.714378,4875700,0.000564726
2018-09-10,38.66,39.490002,38.490002,39.43,38.695759,3901000,-0.01115642
2018-09-11,39.330002,40.310001,39.07,40.18,39.431789,5863600,-0.008183112
2018-09-12,40.259998,40.400002,39.23,39.259998,38.528919,6103400,0.010059657
2018-09-13,39.490002,40.060001,39.419998,39.48,38.744823,4268900,-0.002426857
2018-09-14,39.540001,39.970001,39.32,39.740002,38.999989,2905100,-0.002850803
2018-09-17,39.700001,40.549999,39.700001,40.32,39.569183,5072800,-0.006292599
2018-09-18,40.360001,40.860001,39.650002,40.790001,40.030434,5548300,-0.005033215
2018-09-19,40.790001,41.77,40.700001,41.599998,40.825348,7413600,-0.008539597
2018-09-20,41.82,42.169998,41.189999,41.889999,41.109947,6865600,-0.003017021
2018-09-21,42.040001,43.889999,41.990002,43.599998,42.788105,10743100,-0.017376136
2018-09-24,43.27,43.299999,41.849998,41.98,41.198277,7105100,0.016444
2018-09-25,42,42.189999,40.27,40.810001,40.05006,6744200,0.012275882
2018-09-26,40.84,41.48,40.779999,41.040001,40.27578,4623700,-0.002440789
2018-09-27,41.23,42.200001,41.150002,41.5,40.727211,5654600,-0.004840711
2018-09-28,41.369999,41.959999,40.700001,41.330002,40.560383,5030600,0.001782623
2018-10-01,41.41,41.75,39.599998,39.610001,38.872402,7210700,0.01846067
2018-10-02,39.599998,39.599998,38.400002,38.5,37.783073,7625000,0.0123441
2018-10-03,38.700001,39.259998,38.419998,38.799999,38.077488,6370300,-0.003371013
2018-10-04,38.799999,39.009998,37.48,37.919998,37.213875,5916500,0.009963395
2018-10-05,37.93,38.130001,36.209999,36.439999,35.761436,9127000,0.017289945
2018-10-08,36.439999,36.849998,35.599998,35.900002,35.231495,7879300,0.006483877
2018-10-09,36.299999,36.389999,33.41,33.549999,32.925251,19662600,0.029401978
2018-10-10,33.330002,33.400002,31.59,31.610001,31.021378,20539000,0.025868009
2018-10-11,32.299999,32.75,30.75,31.27,30.687708,17115800,0.004696633
2018-10-12,31.969999,32.130001,30.809999,30.91,30.334414,12905200,0.005028843
2018-10-15,31,32.240002,30.82,31.780001,31.188215,11092500,-0.01205491
2018-10-16,32.060001,33.439999,31.98,33.279999,32.660275,11339200,-0.020029318
2018-10-17,34.450001,35.400002,33.529999,33.57,32.944885,15068600,-0.003768159
2018-10-18,33.580002,33.759998,31.870001,32.060001,31.462999,12778300,0.019987879
2018-10-19,32.09,32.650002,31.809999,32.040001,31.443371,10445200,0.000271017
2018-10-22,32.27,32.52,31.82,32.16,31.561134,7572100,-0.001623499
2018-10-23,31.530001,32.439999,30.6,32.380001,31.777042,12468300,-0.002960869
2018-10-24,32.48,32.75,30.24,30.34,29.775028,15348200,0.028261289
2018-10-25,31.190001,33.330002,31.120001,32.369999,31.767223,18375200,-0.028127073
2018-10-26,31.4,33.009998,31.299999,32.459999,31.855549,11438600,-0.001205842
2018-10-29,33.139999,33.990002,31.950001,32.599998,31.992941,9405500,-0.001869071
2018-10-30,32.439999,34.779999,32.330002,34.66,34.01458,13067600,-0.026610948
2018-10-31,35.16,35.900002,34.810001,35.080002,34.426765,11132800,-0.005231102
2018-11-01,35.299999,36.470001,35.07,36.369999,35.692741,9643200,-0.015683686
2018-11-02,36.59,37.459999,35.639999,36.330002,35.653492,10039100,0.000477828
2018-11-05,36.349998,36.52,35.130001,35.720001,35.151604,11305300,0.006156925
2018-11-06,35.599998,35.959999,34.84,35.169998,34.610352,11376700,0.006739131
2018-11-07,35.57,37.389999,35.48,36.970001,36.38171,10904000,-0.021677092
2018-11-08,36.77,37.049999,35.970001,36.860001,36.273464,6884800,0.001294076
2018-11-09,36.700001,37.259998,36.029999,36.220001,35.643646,6794400,0.00760691
2018-11-12,36.310001,37.299999,35.779999,36.860001,36.273464,9360800,-0.00760691
2018-11-13,37.150002,38.419998,37.099998,37.779999,37.178822,9694100,-0.010706594
2018-11-14,38,38.59,37.450001,38.110001,37.503567,7288400,-0.003776951
2018-11-15,37.869999,38.16,36.310001,37.82,37.218185,8296700,0.003317386
2018-11-16,37.400002,37.529999,36.5,36.75,36.165215,10645700,0.012464139
2018-11-19,36.759998,37.080002,35.310001,35.82,35.250008,9421000,0.011131831
2018-11-20,35.049999,36.389999,34.860001,35.59,35.023674,7059600,0.002797518
2018-11-21,36.09,37.509998,35.970001,36.310001,35.732208,8701500,-0.008698152
2018-11-23,36.66,38.27,36.66,37.950001,37.346115,6121300,-0.019185577
2018-11-26,38.299999,38.619999,37.700001,38.099998,37.493725,9203100,-0.00171316
2018-11-27,38.209999,38.77,37.810001,38.290001,37.680706,8143000,-0.002160442
2018-11-28,38.59,38.970001,37.779999,38.939999,38.320358,6673800,-0.007310526
2018-11-29,38.799999,39.34,38.400002,38.419998,37.80864,5178100,0.005838502
2018-11-30,38.419998,40.200001,38.419998,40.16,39.520947,10015700,-0.019236287
2018-12-03,40.57,40.580002,39.139999,39.650002,39.019066,6578000,0.005550473
2018-12-04,38.82,39.209999,36.669998,36.689999,36.106163,12315100,0.033695531
2018-12-06,36,37.099998,35.790001,36.939999,36.352184,9378900,-0.002949169
2018-12-07,36.580002,36.599998,33.380001,33.57,33.035812,14380100,0.041545522
2018-12-10,33.669998,34.169998,32.610001,33.84,33.301517,8569100,-0.003479032
2018-12-11,34.360001,34.810001,33.610001,34.099998,33.557377,8055400,-0.003323989
2018-12-12,34.549999,34.790001,34.09,34.349998,33.803402,7630500,-0.003172403
2018-12-13,34.299999,34.689999,32.380001,32.459999,31.943476,10279700,0.024578237
2018-12-14,32.27,33.27,32.080002,32.41,31.89427,8558600,0.000669507
2018-12-17,32.299999,32.860001,31.700001,32.040001,31.530161,7638100,0.004986478
2018-12-18,32.470001,33.650002,32.470001,33.540001,33.00629,9117600,-0.019870523
2018-12-19,33.459999,33.98,32.23,32.419998,31.90411,8120500,0.014750077
2018-12-20,32.34,32.68,30.950001,31.889999,31.382545,9439600,0.007158474
2018-12-21,31.950001,32.650002,30.65,30.780001,30.290211,11800600,0.015385862
2018-12-24,30.51,30.92,29.67,29.719999,29.247076,5902000,0.015219845
2018-12-26,30.120001,32.330002,29.59,32.290001,31.77618,8621300,-0.036019233
2018-12-27,31.709999,32.049999,30.870001,32.040001,31.530161,7751300,0.003375499
2018-12-28,32.169998,32.599998,31.51,31.83,31.323498,6379400,0.002855933
2018-12-31,32.09,32.619999,31.68,32.110001,31.599045,5334700,-0.003803702
2019-01-02,31.459999,32.650002,31.049999,32.48,31.96316,5229500,-0.004975751
2019-01-03,31.690001,31.85,28.809999,30.059999,29.581665,16822000,0.033627094
2019-01-04,30.440001,32.09,30.4,32.040001,31.530161,9369600,-0.027703574
2019-01-07,31.99,33.48,31.24,32.950001,32.425678,8010700,-0.012162877
2019-01-08,33.360001,33.650002,32.200001,32.419998,31.90411,7107700,0.007042432
2019-01-09,32.419998,33.549999,32.299999,33.419998,32.888199,6179400,-0.013193458
2019-01-10,30.620001,32.209999,29.780001,32.040001,31.530161,19726300,0.018313903
2019-01-11,31.799999,31.99,31.1,31.799999,31.29398,6900100,0.003265388
2019-01-14,31.4,31.93,30.700001,31.709999,31.20541,5878500,0.001230908
2019-01-15,31.879999,32.860001,31.629999,32.099998,31.589205,7643100,-0.005308803
2019-01-16,32.82,33.669998,32.740002,32.84,32.317429,9141600,-0.009898107
2019-01-17,32.75,33.889999,32.630001,33.580002,33.045654,5917500,-0.009677548
2019-01-18,33.84,34.040001,33.150002,33.970001,33.429451,5817700,-0.005014893
2019-01-22,33.759998,33.880001,32.450001,32.740002,32.219025,14598200,0.016016851
2019-01-23,32.93,33.099998,31.389999,31.65,31.146364,14317900,0.014705039
2019-01-24,34.259998,34.349998,32.830002,33.66,33.124386,15531100,-0.026740482
2019-01-25,33.939999,35.5,33.759998,34.98,34.423378,15811300,-0.016705649
2019-01-28,34.529999,36.619999,34.5,36.57,35.988075,14843500,-0.019305131
2019-01-29,36.759998,37.080002,36.07,36.290001,35.712532,8744300,0.003337974
2019-01-30,36.43,36.68,36.169998,36.34,35.761734,7435600,-0.000597926
2019-01-31,36.310001,36.549999,35.549999,35.77,35.200806,7706600,0.006865961
2019-02-01,35.77,36.59,35.77,36.110001,35.535397,6611900,-0.004108564
2019-02-04,36.16,36.810001,36.119999,36.779999,36.194733,9089300,-0.007984206
2019-02-05,36.810001,37.23,36.700001,36.93,36.441425,6003200,-0.002949974
2019-02-06,36.799999,37.09,36.610001,36.759998,36.27367,5802800,0.002003854
2019-02-07,36.459999,36.700001,35.939999,36.169998,35.691479,5857300,0.007026953
2019-02-08,35.799999,36.23,35.389999,36,35.523724,4973300,0.002046058
2019-02-11,36.080002,36.720001,36.080002,36.59,36.105923,4932600,-0.007059964
2019-02-12,36.759998,37.169998,35.669998,35.75,35.277035,6883200,0.010086376
2019-02-13,35.830002,36.459999,35.810001,36.209999,35.730949,5837900,-0.005552475
2019-02-14,35.91,36.529999,35.669998,36.110001,35.632275,4070000,0.001201
2019-02-15,36.240002,36.34,34.959999,35.049999,34.586296,11471900,0.012939497
2019-02-19,35.029999,35.900002,35,35.470001,35.00074,6436100,-0.005173172
2019-02-20,35,35.240002,34.77,35.060001,34.596169,6969900,0.005049217
2019-02-21,34.98,35.509998,34.830002,34.98,34.517223,5900700,0.000992162
2019-02-22,35,35.549999,35,35.490002,35.020477,5393300,-0.006286209
2019-02-25,35.75,36.380001,35.669998,35.900002,35.425056,10905900,-0.004988488
2019-02-26,35.900002,36.73,35.75,36.25,35.77042,7565000,-0.004213494
2019-02-27,36.110001,36.330002,35.27,35.689999,35.217827,5874900,0.006761484
2019-02-28,35.630001,35.889999,35.169998,35.630001,35.158627,7873800,0.000730649
2019-03-01,35.580002,35.959999,34.369999,34.639999,34.181717,8654000,0.012238033
2019-03-04,34.759998,34.889999,33.5,33.720001,33.273895,6998100,0.011690232
2019-03-05,34.029999,34.380001,33.169998,33.23,32.790375,7405700,0.006357258
2019-03-06,33.220001,33.419998,32.52,32.759998,32.326591,6420800,0.006186475
2019-03-07,32.700001,32.700001,31.620001,32.220001,31.793739,7112400,0.007218304
2019-03-08,31.9,32.119999,31.370001,31.91,31.487839,6200500,0.004198749
2019-03-11,31.639999,32.27,31.57,32.049999,31.625986,8944000,-0.001901218
2019-03-12,32.189999,32.189999,30.879999,30.92,30.510935,10887500,0.015588558
2019-03-13,31.219999,31.93,31,31.84,31.418764,11092900,-0.012733579
2019-03-14,31.959999,32.470001,31.879999,32.130001,31.704927,6454500,-0.003937661
2019-03-15,32.279999,32.349998,31.42,31.43,31.014191,9645100,0.0095663
2019-03-18,31.5,31.58,31.030001,31.379999,30.964848,6832700,0.000691505
2019-03-19,31.5,32.119999,31.379999,31.59,31.172075,6824500,-0.00289676
2019-03-20,31.5,31.549999,30.77,30.959999,30.550406,6250200,0.008748726
2019-03-21,30.889999,31.77,30.790001,31.450001,31.033924,5725100,-0.006819706
2019-03-22,31.32,31.440001,30.530001,30.57,30.165567,7488900,0.012325199
2019-03-25,30.530001,30.719999,30.16,30.209999,29.810328,5172000,0.005144738
2019-03-26,30.51,30.620001,29.969999,30.209999,29.810328,4583400,0
2019-03-27,30.27,31.200001,30.15,30.940001,30.530672,6406900,-0.010369609
2019-03-28,31.01,31.370001,30.440001,30.9,30.491201,6687200,0.000561833
2019-03-29,31.139999,31.889999,30.84,31.76,31.339823,6980800,-0.011922008
2019-04-01,31.98,32.73,31.700001,32.349998,31.922018,7438200,-0.007993799
2019-04-02,33.040001,33.470001,32.459999,32.990002,32.553551,10406100,-0.008508031
2019-04-03,33.220001,33.990002,33.209999,33.709999,33.264023,10047400,-0.009376403
2019-04-04,33.959999,34.119999,33.349998,33.93,33.481117,6192300,-0.002825166
2019-04-05,33.970001,34.400002,33.880001,34.060001,33.609398,5164700,-0.001660795
2019-04-08,33.639999,33.950001,33.439999,33.880001,33.431778,6219800,0.002301259
2019-04-09,33.369999,33.52,32.599998,33.310001,32.86932,8119100,0.007368755
2019-04-10,33.759998,34.130001,33.09,34.02,33.569927,7159500,-0.009159677
2019-04-11,33.990002,34.970001,33.91,34.810001,34.349472,7352400,-0.009969669
2019-04-12,34.990002,35.240002,34.5,34.689999,34.231064,4610500,0.001499667
2019-04-15,34.650002,35.240002,33.68,33.75,33.303497,6390600,0.01193056
2019-04-16,33.959999,34.09,33.59,34.029999,33.579788,4498400,-0.003588111
2019-04-17,34.450001,34.720001,34.099998,34.380001,33.925163,3772100,-0.004443993
2019-04-18,34.43,34.619999,33.900002,34.369999,33.915291,3318200,0.000126395
2019-04-22,34.099998,34.200001,33.419998,33.48,33.037071,3884200,0.011394011
2019-04-23,33.43,34.18,33.419998,33.970001,33.520588,3329800,-0.006310092
2019-04-24,33.919998,34.490002,33.900002,33.990002,33.540325,3739800,-0.000255638
2019-04-25,34.049999,34.25,33.130001,33.41,32.967995,6156500,0.007474731
2019-04-26,32.150002,33.919998,32.099998,33.060001,32.622623,9623100,0.004573658
2019-04-29,33.509998,33.990002,33.310001,33.77,33.323235,5558200,-0.009228279
2019-04-30,33.779999,34.389999,33.549999,34.18,33.727802,5719600,-0.005240884
2019-05-01,34.299999,34.59,33.880001,33.91,33.461376,4466600,0.003444244
2019-05-02,33.959999,34.849998,33.84,33.950001,33.500854,5320300,-0.000512082
2019-05-03,34.209999,34.900002,34.150002,34.790001,34.329735,5181400,-0.010614573
2019-05-06,34.25,34.77,33.720001,34.75,34.290264,4156800,0.000499622
2019-05-07,34.25,34.330002,33.41,33.91,33.557953,6957800,0.009375367
2019-05-08,33.700001,34.380001,33.560001,33.75,33.399609,4374100,0.002054079
2019-05-09,33.389999,34.02,33.060001,33.950001,33.597534,4500100,-0.002566019
2019-05-10,33.720001,34.189999,32.939999,33.990002,33.637119,4949800,-0.00051139
2019-05-13,33.16,33.200001,31.98,32.139999,31.806326,7040900,0.024305286
2019-05-14,32.189999,32.650002,32.009998,32.34,32.004253,5503900,-0.002694189
2019-05-15,32.029999,32.419998,31.549999,32.16,31.826118,4518600,0.002424026
2019-05-16,32.200001,32.900002,32.02,32.32,31.984455,4739700,-0.002155286
2019-05-17,32.029999,32.360001,31.690001,31.74,31.410477,4751600,0.007864423
2019-05-20,30.65,31.219999,30.219999,30.959999,30.638575,7576200,0.010805969
2019-05-21,31.209999,31.639999,31.129999,31.299999,30.975046,4986900,-0.004743398
2019-05-22,31.23,31.23,29.809999,29.92,29.609373,10258700,0.019582749
2019-05-23,29.73,29.98,29.309999,29.5,29.193733,11324600,0.006139579
2019-05-24,29.690001,29.940001,28.98,29.17,28.867161,5764000,0.004885557
2019-05-28,29.26,29.32,28.5,28.73,28.431726,8362800,0.006600849
2019-05-29,28.51,28.549999,27.92,28.41,28.115049,6248100,0.00486438
2019-05-30,28.5,28.75,27.99,28.17,27.877542,4734100,0.003684366
2019-05-31,27.799999,27.92,27.110001,27.23,26.947298,7441400,0.014739254
2019-06-03,27.120001,27.809999,27.02,27.200001,26.917612,6796300,0.000478696
2019-06-04,27.629999,29.309999,27.5,29.120001,28.817678,10218500,-0.029622456
2019-06-05,29.76,30.450001,29.459999,30.360001,30.044806,8713700,-0.01811042
2019-06-06,30.4,30.51,29.879999,30.379999,30.064596,5507600,-0.000285968
2019-06-07,30.59,31.15,30.43,30.92,30.598989,4843600,-0.007651705
2019-06-10,31.15,31.719999,30.719999,30.76,30.440653,5449400,0.002253113
2019-06-11,31.1,31.290001,30.51,30.58,30.26252,3461800,0.002548875
2019-06-12,30.559999,31.129999,30.450001,31.1,30.777124,5144200,-0.007322945
2019-06-13,31.690001,33.32,31.41,33.09,32.746464,10856500,-0.026936377
2019-06-14,32.970001,33.200001,32.220001,32.68,32.340721,6128000,0.005414713
2019-06-17,32.099998,32.919998,32.099998,32.560001,32.221966,3420700,0.001597663
2019-06-18,32.779999,33.299999,32.419998,32.52,32.182381,3789300,0.000533863
2019-06-19,32.720001,33.299999,32.509998,33.209999,32.865219,5535500,-0.009118359
2019-06-20,33.66,33.810001,31.9,32.150002,31.816221,8969200,0.014087936
2019-06-21,32.029999,32.389999,31.51,31.57,31.242243,7481800,0.007906389
2019-06-24,31.57,31.889999,31.309999,31.82,31.489649,8425700,-0.003425614
2019-06-25,31.83,32.110001,31.24,31.26,30.935461,6523600,0.007711228
2019-06-26,31.48,31.719999,31.07,31.459999,31.133385,4089700,-0.00276975
2019-06-27,31.559999,32.549999,31.42,32.150002,31.816221,4274500,-0.009422252
2019-06-28,32.23,32.73,32.16,32.610001,32.271446,5238500,-0.006169831
2019-07-01,33.139999,33.66,32.529999,32.880001,32.538643,8985600,-0.003581012
2019-07-02,33.09,33.209999,32.029999,32.189999,31.855806,4765100,0.009210839
2019-07-03,32.400002,32.849998,32.349998,32.720001,32.380306,2747700,-0.007092351
2019-07-05,32.540001,32.830002,31.950001,32.459999,32.123005,2583900,0.003464783
2019-07-08,31.99,32.919998,31.98,32.790001,32.449574,5328800,-0.004392834
2019-07-09,32.400002,32.75,31.93,32.360001,32.024044,5450600,0.005732826
2019-07-10,32.93,33.689999,32.59,32.939999,32.598019,8869700,-0.007715035
2019-07-11,33.060001,33.299999,32.82,33.029999,32.687084,6842900,-0.001184971
2019-07-12,33.119999,33.900002,33,33.779999,33.429298,5012200,-0.009751078
2019-07-15,33.669998,33.950001,33.419998,33.610001,33.261063,3483600,0.002191132
2019-07-16,33.700001,34.669998,33.700001,34.220001,33.864731,6353600,-0.007811505
2019-07-17,34.34,34.419998,33.110001,33.259998,32.914696,5881900,0.012357782
2019-07-18,33.41,33.82,33.110001,33.740002,33.389717,3049300,-0.00622289
2019-07-19,33.82,34.02,33.060001,33.080002,32.736568,4249000,0.008579591
2019-07-22,33.220001,33.419998,32.849998,32.900002,32.558437,4005600,0.002369599
2019-07-23,33.02,33.790001,32.57,33.73,33.379818,4524100,-0.010820416
2019-07-24,33.619999,34.990002,33.619999,34.59,34.230892,7315300,-0.010934252
2019-07-25,34.549999,34.82,31.58,31.67,31.341204,13152300,0.03830254
2019-07-26,32,32.25,31.16,31.24,30.915668,7875200,0.005937041
2019-07-29,30.969999,31.190001,30.540001,30.74,30.420858,6963900,0.007007176
2019-07-30,30.450001,30.809999,30.209999,30.709999,30.391171,5290200,0.000424025
2019-07-31,30.68,31.139999,30.27,30.51,30.193247,6269400,0.002837614
2019-08-01,30.43,30.57,29.43,29.84,29.530205,8013000,0.009643358
2019-08-02,29.700001,29.809999,29.07,29.450001,29.144255,6475900,0.005713504
2019-08-05,28.969999,28.969999,28,28.530001,28.233805,8948900,0.013783547
2019-08-06,28.85,29.059999,28.02,28.360001,28.164288,6010100,0.001070634
2019-08-07,28,28.76,27.82,28.629999,28.432425,6771500,-0.004115126
2019-08-08,28.809999,29.389999,28.76,29.08,28.879318,5028200,-0.006773031
2019-08-09,28.85,29.07,28.559999,28.780001,28.58139,4031300,0.004503587
2019-08-12,28.5,28.51,27.52,27.639999,27.449257,8015000,0.017552753
2019-08-13,27.620001,28.370001,27.33,27.51,27.320154,12950000,0.00204745
2019-08-14,27.049999,27.07,26.09,26.1,25.919884,10104400,0.022850089
2019-08-15,26.200001,26.309999,25.139999,25.41,25.234646,10057900,0.011635837
2019-08-16,25.620001,26.049999,25.389999,25.790001,25.612024,8826800,-0.006446683
2019-08-19,26.200001,26.690001,26.08,26.1,25.919884,9034800,-0.005189153
2019-08-20,26.08,26.08,25.559999,25.83,25.651749,7658800,0.004516072
2019-08-21,26.059999,26.6,26.01,26.42,26.237675,6227500,-0.009808367
2019-08-22,26.459999,26.98,26.34,26.530001,26.346918,5957900,-0.001804472
2019-08-23,26.27,26.51,25.35,25.42,25.244576,8900100,0.018561739
2019-08-26,25.9,25.91,25.030001,25.190001,25.016165,6722600,0.003947348
2019-08-27,25.27,25.34,24.32,24.450001,24.281271,7503700,0.012949317
2019-08-28,24.41,25.51,24.23,25.33,25.155199,9079100,-0.015356341
2019-08-29,25.790001,26.610001,25.700001,26.32,26.138367,7205600,-0.016650694
2019-08-30,26.4,26.83,26.16,26.309999,26.128435,5076200,0.000165054
2019-09-03,26.16,26.66,25.950001,26.51,26.327055,6730000,-0.003288883
2019-09-04,26.66,27.219999,26.52,27,26.813673,5653300,-0.007954028
2019-09-05,27.450001,28.110001,27.440001,27.690001,27.498913,6254600,-0.010959218
2019-09-06,28.16,28.23,27.73,27.790001,27.598223,5791900,-0.001565593
2019-09-09,27.790001,28.75,27.709999,28.440001,28.243738,8561600,-0.010041055
2019-09-10,28.280001,29.18,28.209999,29.120001,28.919044,6377300,-0.010261758
2019-09-11,29.16,29.93,28.73,29.76,29.554626,10842600,-0.009441536
2019-09-12,29.67,30.219999,29.639999,29.940001,29.733385,5808800,-0.002618886
2019-09-13,30.200001,30.34,29.870001,29.950001,29.743317,7131900,-0.000145045
2019-09-16,28.559999,28.790001,27.700001,27.77,27.57836,15507800,0.032820963
2019-09-17,28.02,29.25,27.92,28.639999,28.442356,12683400,-0.013397132
2019-09-18,28.549999,28.66,28.07,28.6,28.402632,6129400,0.000606981
2019-09-19,28.629999,28.74,28.16,28.299999,28.104702,5102700,0.004579602
2019-09-20,28.200001,28.440001,27.959999,27.99,27.796841,6885400,0.004783542
2019-09-23,27.709999,27.879999,27.360001,27.5,27.310223,5324400,0.007670197
2019-09-24,27.620001,27.700001,26.77,27,26.813673,5558300,0.007968938
2019-09-25,27.129999,27.83,27.02,27.440001,27.250637,6369400,-0.00702035
2019-09-26,27.57,27.6,26.91,27.190001,27.002363,4831300,0.003974887
2019-09-27,27.01,27.809999,26.91,27.01,26.823605,5155100,0.002884626
2019-09-30,27.35,27.41,26.82,26.969999,26.78388,5109800,0.000643655
2019-10-01,27.08,27.66,26.59,26.799999,26.615053,6547000,0.002746155
2019-10-02,26.5,26.51,25.02,25.370001,25.194923,14178200,0.0238143
2019-10-03,25.469999,25.51,24.51,25.27,25.095612,8586400,0.001715244
2019-10-04,25.33,25.85,25.07,25.83,25.651749,6446100,-0.009519191
2019-10-07,25.799999,26.059999,25.52,25.83,25.651749,5725400,0
2019-10-08,25.559999,26.799999,25.450001,26.26,26.078779,9028100,-0.007170272
2019-10-09,26.780001,27.33,26.690001,27.07,26.88319,8095500,-0.013193547
2019-10-10,26.68,27.25,26.5,27.18,26.992432,7057600,-0.001761214
2019-10-11,27.629999,28.02,27.34,27.360001,27.17119,7492400,-0.002866643
2019-10-14,27.370001,27.66,27.139999,27.620001,27.429396,3167100,-0.004107585
2019-10-15,27.629999,28.370001,27.280001,28.27,28.074911,7019200,-0.010102144
2019-10-16,28.33,28.809999,28.030001,28.049999,27.856426,6353300,0.003392993
2019-10-17,28.309999,28.440001,27.85,27.93,27.737255,6709600,0.001861916
2019-10-18,27.799999,28.32,27.709999,28.219999,28.025253,5689100,-0.004486063
2019-10-21,28.51,28.91,28.43,28.620001,28.422495,6746400,-0.006112657
2019-10-22,28.5,28.690001,27.82,28.26,28.064978,8022000,0.005497493
2019-10-23,28.25,28.4,27.879999,28.290001,28.094772,8396900,-0.000460806
2019-10-24,29.27,29.85,28.49,29.41,29.207041,17890900,-0.016862048
2019-10-25,29.4,30.889999,29.299999,30.860001,30.647036,13835700,-0.020900918
2019-10-28,31,31.67,31,31.360001,31.143585,10298500,-0.006980125
2019-10-29,31.42,31.49,30.68,30.92,30.706621,6843200,0.006136575
2019-10-30,30.77,30.940001,29.93,30.290001,30.080971,10356100,0.008940178
2019-10-31,30.07,30.209999,29.459999,30.059999,29.852554,8779400,0.003310358
2019-11-01,30.299999,30.610001,30.02,30.559999,30.349104,8270900,-0.007164381
2019-11-04,30.709999,30.99,30.469999,30.950001,30.736416,5888600,-0.005507352
2019-11-05,31,31.58,30.91,31.18,31.065199,5500000,-0.004620915
2019-11-06,31.17,31.190001,30.65,30.959999,30.846008,4270300,0.003075173
2019-11-07,31.209999,31.440001,30.75,30.889999,30.776266,6342400,0.00098304
2019-11-08,30.719999,30.85,29.959999,30.76,30.646746,6352900,0.001831558
2019-11-11,30.540001,30.75,30.200001,30.59,30.477371,4109100,0.002406867
2019-11-12,30.58,30.67,29.4,29.52,29.41131,8662900,0.015463133
2019-11-13,29.030001,29.16,28.57,28.66,28.554476,7152300,0.012840174
2019-11-14,28.75,28.9,28.459999,28.77,28.664072,4393200,-0.001663691
2019-11-15,28.950001,29.200001,28.799999,28.860001,28.75374,4552000,-0.001356455
2019-11-18,28.639999,28.889999,28.280001,28.6,28.494698,5368800,0.003930283
2019-11-19,28.93,29.379999,28.73,29.290001,29.182158,5965500,-0.010353346
2019-11-20,29.139999,29.24,28.049999,28.23,28.12606,9936100,0.016008506
2019-11-21,28.27,28.48,27.84,27.93,27.827166,6071800,0.00463992
2019-11-22,28.200001,28.719999,28.129999,28.68,28.574404,4827100,-0.011508202
2019-11-25,28.799999,29.18,28.620001,28.99,28.883261,5171200,-0.004669044
2019-11-26,28.950001,29.07,28.57,29.049999,28.943041,5932800,-0.000897935
2019-11-27,29.07,29.33,28.74,28.950001,28.84341,3381800,0.001497556
2019-11-29,28.92,29.27,28.66,28.74,28.634182,2970800,0.003161822
2019-12-02,28.790001,28.99,28.01,28.08,27.976612,6850800,0.010089661
2019-12-03,27.73,27.77,26.959999,27.290001,27.189522,7736600,0.012393547
2019-12-04,27.42,27.76,27.219999,27.379999,27.279188,4805300,-0.001429866
2019-12-05,27.459999,27.57,27.049999,27.24,27.139706,4994500,0.0022263
2019-12-06,27.5,27.959999,27.469999,27.73,27.627901,6093100,-0.007742752
2019-12-09,27.620001,27.83,27.459999,27.49,27.388784,4474400,0.00377514
2019-12-10,27.549999,27.629999,26.9,27,26.900589,7538700,0.007810962
2019-12-11,27.08,27.1,26.68,26.860001,26.761105,5434600,0.002257747
2019-12-12,27.09,28.02,26.950001,27.719999,27.617937,9645300,-0.013687193
2019-12-13,27.93,28.129999,27.370001,27.48,27.37882,5965200,0.003776508
2019-12-16,27.620001,28.35,27.6,27.92,27.817202,6997300,-0.006898718
2019-12-17,27.969999,28.48,27.860001,28.280001,28.175877,5920300,-0.005563999
2019-12-18,28.35,28.57,27.93,28,27.896908,4633800,0.004321373
2019-12-19,28,28.57,27.93,28.549999,28.444881,6295100,-0.008448051
2019-12-20,28.67,29.049999,28.49,29.040001,28.933079,12277100,-0.007390532
2019-12-23,29.25,29.719999,29.200001,29.299999,29.19212,9291100,-0.003870983
2019-12-24,29.32,29.43,29.1,29.18,29.072563,2373600,0.001782315
2019-12-26,29.32,29.709999,29.26,29.67,29.560759,4746500,-0.00723226
2019-12-27,29.76,29.809999,28.360001,28.440001,28.335287,8416500,0.018387965
2019-12-30,28.5,28.530001,28.07,28.299999,28.195801,4940300,0.002143179
2019-12-31,28.200001,28.790001,28.190001,28.68,28.574404,4396800,-0.005792744
2020-01-02,28.98,29.299999,28.65,29.09,28.982893,6451100,-0.006164553
2020-01-03,28.27,28.290001,27.34,27.65,27.548195,14008900,0.022048585
2020-01-06,27.190001,27.49,27.08,27.32,27.21941,6105800,0.005214441
2020-01-07,27.559999,27.68,27.059999,27.219999,27.119778,6105900,0.001592577
2020-01-08,27.1,28.09,27.07,27.84,27.737495,10496800,-0.009781107
2020-01-09,28.09,28.23,27.709999,27.950001,27.847092,6898900,-0.001712613
2020-01-10,27.959999,27.99,27.25,27.32,27.21941,8106800,0.009901142
2020-01-13,27.32,27.530001,27.16,27.389999,27.289152,5874400,-0.001111333
2020-01-14,27.91,28.4,27.35,27.530001,27.428638,8888900,-0.002214202
2020-01-15,27.450001,28.059999,27.32,27.58,27.478453,5689900,-0.000788036
2020-01-16,27.790001,28.26,27.76,28.23,28.12606,6442800,-0.01011662
2020-01-17,28.299999,28.719999,28.059999,28.4,28.295433,7379400,-0.002607445
2020-01-21,27.969999,27.99,27.049999,27.200001,27.099854,16409400,0.018749393
2020-01-22,27.51,27.91,27.299999,27.32,27.21941,9852600,-0.001911756
2020-01-23,27.389999,28.99,26.040001,28.799999,28.69396,25611100,-0.022911781
2020-01-24,28.85,28.860001,27.01,27.639999,27.538231,18067800,0.01785445
2020-01-27,26.57,26.6,25.370001,26.110001,26.013866,21573800,0.02473114
2020-01-28,26.360001,27.120001,26.26,26.9,26.800957,11939200,-0.012945403
2020-01-29,26.879999,27.49,26.74,26.799999,26.701324,9088700,0.001617505
2020-01-30,26.299999,27.790001,26.26,27.719999,27.617937,10685500,-0.014658438
2020-01-31,27.5,27.52,26.59,26.84,26.741179,11027900,0.014010684
2020-02-03,26.93,27.67,26.74,27.16,27.059999,7631900,-0.005147225
2020-02-04,27.68,28.610001,27.549999,28.43,28.43,10832900,-0.021449083
2020-02-05,28.959999,29.24,28.549999,29.1,29.1,8959700,-0.010116129
2020-02-06,29.26,29.450001,28.139999,28.299999,28.299999,8335800,0.012106569
2020-02-07,28.059999,28.549999,27.780001,28.379999,28.379999,6231800,-0.001225956
2020-02-10,28.190001,28.809999,27.98,28.790001,28.790001,15134300,-0.006229304
2020-02-11,29.059999,29.940001,28.969999,29.84,29.84,8977700,-0.015557139
2020-02-12,30,30.780001,29.99,30.469999,30.469999,9315400,-0.009073621
2020-02-13,30.030001,30.4,29.73,30.09,30.09,9119400,0.005450252
2020-02-14,30.01,30.27,29.139999,29.200001,29.200001,5524800,0.013039321
2020-02-18,29.040001,29.35,28.49,28.629999,28.629999,10485100,0.008561533
2020-02-19,28.84,28.879999,28.309999,28.33,28.33,8400700,0.004574758
2020-02-20,28.24,28.9,28.200001,28.51,28.51,10093400,-0.002750643
2020-02-21,28.120001,28.299999,27.17,27.82,27.82,11253600,0.010640092
2020-02-24,25.98,26.110001,25,25.450001,25.450001,21713200,0.038669322
2020-02-25,25.620001,25.75,23.049999,23.120001,23.120001,22296900,0.041699955
2020-02-26,23.57,23.75,22.110001,22.309999,22.309999,19610300,0.015488298
2020-02-27,20.85,22.48,19.77,20.6,20.6,31897300,0.03463233
2020-02-28,19.799999,20.35,18.77,19.049999,19.049999,37166400,0.033972263
2020-03-02,19.049999,19.059999,17.51,18.860001,18.860001,38738000,0.004353246
2020-03-03,19.66,19.790001,17.799999,17.85,17.85,35402500,0.023903491
2020-03-04,18.360001,18.549999,17.299999,18.530001,18.530001,44362100,-0.016237222
2020-03-05,17.540001,17.65,15.98,16.040001,16.040001,44656800,0.062671052
2020-03-06,15.02,17.120001,14.8,15.97,15.97,54505000,0.001899475
2020-03-09,14.87,15.79,14.46,14.75,14.75,42558000,0.034512896
2020-03-10,15.82,17.67,14.61,17,17,56972700,-0.061656901
2020-03-11,16.309999,16.49,15.52,16.26,16.26,43705800,0.01932838
2020-03-12,14.05,15.75,13.33,13.45,13.45,53968500,0.082398257
2020-03-13,15.3,15.6,13.12,14.31,14.31,58376100,-0.026917349
2020-03-16,12.41,16.200001,12,15.92,15.92,84916800,-0.04630343
2020-03-17,15.79,18.49,14.79,15.58,15.58,58055800,0.00937561
2020-03-18,14.24,14.28,10.17,11.65,11.65,78458800,0.126241528
2020-03-19,11.6,12.16,10.01,10.29,10.29,71584500,0.053910551
2020-03-20,10.65,12,10.3,10.38,10.38,62681800,-0.003781979
